price,volume,time,buy/sell,market/limit,misc
0.77977100,41.64283515,2025-02-15 22:58:48.486449957,b,l,
0.78061700,42.84284185,2025-02-15 22:58:51.286411047,b,l,
0.78049500,17.60000000,2025-02-15 22:58:53.719689846,s,l,
0.77992900,120.41230910,2025-02-15 22:59:08.731439590,b,l,
0.77874500,212.46961087,2025-02-15 23:00:56.217700243,b,l,
0.78090800,290.66374838,2025-02-15 23:02:18.225323677,s,l,
0.77947300,112.53295496,2025-02-15 23:03:47.554477930,b,m,
0.77869000,9.23171100,2025-02-15 23:03:55.438485384,s,l,
0.77921400,1134.30000000,2025-02-15 23:04:42.749687433,b,m,
0.77921500,323.52849766,2025-02-15 23:04:42.749687433,b,m,
0.77941300,56.44271100,2025-02-15 23:05:59.510106802,s,m,
0.77908100,62.02125676,2025-02-15 23:09:07.963955641,b,l,
0.77942200,77.85332000,2025-02-15 23:15:09.348468304,s,m,
0.77960000,46.68713058,2025-02-15 23:15:16.062906742,b,l,
0.77964500,5.73176125,2025-02-15 23:15:24.721571684,b,l,
0.77966600,4.41772687,2025-02-15 23:15:28.705764055,b,l,
0.78001800,28.72845179,2025-02-15 23:15:41.000862598,b,l,
0.78003000,50.58544396,2025-02-15 23:15:46.404517889,b,l,
0.78043700,15.88647606,2025-02-15 23:16:16.536023617,b,l,
0.78038600,15.77404600,2025-02-15 23:16:20.298240423,s,l,
0.78022200,5000.00000000,2025-02-15 23:18:12.130673884,b,l,
0.78022200,5000.00000000,2025-02-15 23:18:14.334271908,b,l,
0.78022200,4097.70000000,2025-02-15 23:18:16.524045467,b,l,
0.78046400,33.82392752,2025-02-15 23:18:30.943835735,b,l,
0.78046600,32.54292150,2025-02-15 23:18:30.943835735,b,l,
0.78060200,2077.48219635,2025-02-15 23:18:33.307234764,b,l,
0.78064000,5000.00000000,2025-02-15 23:18:36.827835560,b,l,
0.78048700,1306.38571728,2025-02-15 23:18:55.586156845,b,l,
0.78050900,1306.44959515,2025-02-15 23:18:58.588819742,b,l,
0.78058600,1306.33918630,2025-02-15 23:19:00.910963535,b,l,
0.78061000,1306.33817801,2025-02-15 23:19:02.953674078,b,l,
0.78058600,1306.34938735,2025-02-15 23:19:05.075747252,b,l,
0.78059600,1306.33007543,2025-02-15 23:19:08.949045181,b,l,
0.78059600,990.00000000,2025-02-15 23:19:08.949045181,b,l,
0.78060700,1306.36646359,2025-02-15 23:19:12.810520887,b,l,
0.78060800,1306.35167558,2025-02-15 23:19:14.995652437,b,l,
0.78041400,1265.95546528,2025-02-15 23:19:31.415388346,b,l,
0.78041800,3734.04453472,2025-02-15 23:19:31.415388346,b,l,
0.78053700,1046.68165711,2025-02-15 23:19:46.647381544,b,l,
0.78054800,894.70640464,2025-02-15 23:19:51.356921911,b,l,
0.78063100,5000.00000000,2025-02-15 23:20:01.964596987,b,l,
0.78063100,5000.00000000,2025-02-15 23:20:04.476412296,b,l,
0.78063100,4088.40000000,2025-02-15 23:20:07.917368174,b,l,
0.78063100,825.61709337,2025-02-15 23:20:07.917368174,b,l,
0.78065900,40.29274231,2025-02-15 23:20:12.335602522,b,l,
0.78067400,49.28606525,2025-02-15 23:20:14.730150461,b,l,
0.78073300,18.45283905,2025-02-15 23:20:17.085537434,b,l,
0.78064500,688.18836912,2025-02-15 23:20:41.636454821,b,l,
0.78093700,655.96390600,2025-02-15 23:21:05.286599874,b,l,
0.78103300,8.26683596,2025-02-15 23:21:08.160523176,b,l,
0.78113300,601.40267591,2025-02-15 23:21:17.485965490,b,l,
0.78118400,529.20426857,2025-02-15 23:21:30.701785088,b,l,
0.78111800,101.26610992,2025-02-15 23:21:50.236101389,b,m,
0.78111800,363.01684651,2025-02-15 23:21:50.290833950,b,l,
0.78131500,36.42128087,2025-02-15 23:22:20.346036196,b,l,
0.78131500,422.52612611,2025-02-15 23:22:31.203807592,b,l,
0.78139800,26.13216449,2025-02-15 23:22:54.897634983,b,l,
0.78146200,8.22645078,2025-02-15 23:22:56.952260017,b,l,
0.78146300,8.28125315,2025-02-15 23:22:56.952260017,b,l,
0.78157900,389.73656225,2025-02-15 23:23:26.574813366,b,l,
0.78166000,19.75750212,2025-02-15 23:23:29.717191696,b,l,
0.78185200,46.62286921,2025-02-15 23:23:49.353375673,b,l,
0.78232700,17.20693199,2025-02-15 23:23:52.038599014,b,l,
0.78237600,4.95250000,2025-02-15 23:25:09.698231697,s,m,
0.78243200,396.53386209,2025-02-15 23:26:02.264602184,b,l,
0.78248500,13.35624218,2025-02-15 23:26:08.102996826,b,l,
0.78256400,19.75479676,2025-02-15 23:26:10.129823208,b,l,
0.78270500,362.02048022,2025-02-15 23:26:34.626708984,b,l,
0.78207200,290.84045283,2025-02-15 23:28:30.228077412,b,l,
0.78214500,297.12201714,2025-02-15 23:28:32.816045761,b,l,
0.78243700,230.86627260,2025-02-15 23:30:35.600700140,b,l,
0.78273000,230.14459898,2025-02-15 23:30:52.691469193,b,l,
0.78294500,27.32354532,2025-02-15 23:31:24.615879774,b,l,
0.78315500,51.63625770,2025-02-15 23:31:44.926452398,b,l,
0.78324400,33.75614167,2025-02-15 23:31:47.102593660,b,l,
0.78288600,247.60868876,2025-02-15 23:33:04.233925343,b,l,
0.78311900,242.73773649,2025-02-15 23:33:07.933690786,b,l,
0.78326700,19.66724736,2025-02-15 23:33:45.590403080,b,l,
0.78326700,242.54315552,2025-02-15 23:33:45.590403080,b,l,
0.78328800,5.65006935,2025-02-15 23:33:47.935777426,b,l,
0.78331100,22.27354337,2025-02-15 23:33:51.054713011,b,l,
0.78331100,235.22175728,2025-02-15 23:33:51.054713011,b,l,
0.78302800,3191.93925956,2025-02-15 23:35:08.461948633,s,l,
0.78298800,3192.10495625,2025-02-15 23:35:08.461948633,s,l,
0.78294100,231.15043863,2025-02-15 23:35:08.461948633,s,l,
0.78287800,1526.56133319,2025-02-15 23:35:08.461948633,s,l,
0.78287700,2389.04401237,2025-02-15 23:35:08.461948633,s,l,
0.78242900,1880.10393794,2025-02-15 23:35:08.756820679,s,l,
0.78212400,257.70418932,2025-02-15 23:35:20.229577303,b,l,
0.78270700,253.14000210,2025-02-15 23:36:23.219776869,b,l,
0.78273600,263.29284010,2025-02-15 23:36:26.542563200,b,l,
0.78304100,243.77932384,2025-02-15 23:36:39.577304125,b,l,
0.78319700,5000.00000000,2025-02-15 23:39:22.831661463,s,l,
0.78231900,268.61324534,2025-02-15 23:41:06.085747242,b,l,
0.78253900,247.90276877,2025-02-15 23:41:44.808816671,b,l,
0.78211300,241.13920515,2025-02-15 23:42:57.280252695,b,l,
0.78225000,234.61741576,2025-02-15 23:43:05.910992861,b,l,
0.78225400,320.40008000,2025-02-15 23:44:00.410770178,s,l,
0.78191200,320.48016000,2025-02-15 23:45:08.001411676,s,l,
0.78156100,5000.00000000,2025-02-15 23:45:21.440890551,b,l,
0.78176600,207.59039404,2025-02-15 23:45:47.326425076,b,l,
0.78178800,5000.00000000,2025-02-15 23:45:49.370065212,b,l,
0.78178800,5000.00000000,2025-02-15 23:45:54.125310182,b,l,
0.78164500,46.96646400,2025-02-15 23:48:44.522453308,s,m,
0.78040200,251.13018200,2025-02-15 23:51:28.395766020,b,l,
0.78106900,5000.00000000,2025-02-15 23:57:47.986587286,s,l,
0.78082400,1712.70185900,2025-02-15 23:58:08.467655659,b,l,
0.78082300,1712.67176187,2025-02-15 23:58:28.196898937,b,l,
0.78071400,1712.55300428,2025-02-16 00:00:11.228108406,b,l,
0.78088200,5000.00000000,2025-02-16 00:01:07.447621822,s,l,
0.77962100,1736.47598011,2025-02-16 00:01:41.651555538,b,l,
0.77979500,1736.35684928,2025-02-16 00:03:04.438045502,b,l,
0.78063400,35.10113700,2025-02-16 00:03:33.217275143,b,l,
0.78072900,47.92942172,2025-02-16 00:03:38.813520432,b,l,
0.78101500,46.69990853,2025-02-16 00:03:54.081651926,b,l,
0.78110500,1677.71783386,2025-02-16 00:03:57.929863930,b,l,
0.78145600,44.11088095,2025-02-16 00:04:02.021216154,b,l,
0.78054500,30.07484932,2025-02-16 00:12:50.919720411,b,l,
0.78082000,1767.42613177,2025-02-16 00:13:37.766280890,b,l,
0.78088700,1767.43593554,2025-02-16 00:13:40.799483776,b,l,
0.78089600,143.99484167,2025-02-16 00:13:40.799483776,b,l,
0.78091900,21.09947027,2025-02-16 00:13:44.653883219,b,l,
0.78094300,23.61945876,2025-02-16 00:13:48.683319330,b,l,
0.78073400,1767.45297557,2025-02-16 00:15:48.485955238,b,l,
0.78105500,19.73917499,2025-02-16 00:16:22.687587738,b,l,
0.78106300,54.37584879,2025-02-16 00:16:22.687587738,b,l,
0.78129800,1763.77948440,2025-02-16 00:16:46.407413721,b,l,
0.78153300,12.02468816,2025-02-16 00:16:50.385765314,b,l,
0.78170800,50.45609216,2025-02-16 00:16:52.391680479,b,l,
0.78186300,17.23823359,2025-02-16 00:17:01.785743475,b,l,
0.78188200,22.34980807,2025-02-16 00:17:04.542080879,b,l,
0.78191600,31.29961964,2025-02-16 00:17:06.748201609,b,l,
0.78193300,31.30210232,2025-02-16 00:17:08.785838842,b,l,
0.78195900,54.21240710,2025-02-16 00:17:11.368045568,b,l,
0.78205900,5.64314924,2025-02-16 00:17:11.376719475,b,l,
0.78212300,18.41736779,2025-02-16 00:17:14.437562466,b,l,
0.78230800,24.86187537,2025-02-16 00:17:16.859804392,b,l,
0.78255100,41.50749862,2025-02-16 00:17:32.785457850,b,l,
0.78223100,1615.17440813,2025-02-16 00:18:15.779450893,b,l,
0.78255200,1329.63600737,2025-02-16 00:18:38.411508322,b,l,
0.78258200,1330.47968831,2025-02-16 00:18:38.505203724,b,l,
0.78290000,1051.04444472,2025-02-16 00:18:51.332710505,b,l,
0.78279000,937.92410831,2025-02-16 00:19:28.953014612,b,l,
0.78160700,831.99548307,2025-02-16 00:20:32.357363462,b,l,
0.78172300,821.33513552,2025-02-16 00:20:40.835064650,b,l,
0.78183500,738.29587347,2025-02-16 00:21:13.092315674,b,l,
0.78229300,22.44328323,2025-02-16 00:21:17.764102936,b,m,
0.78198100,708.46318818,2025-02-16 00:21:27.801629543,b,l,
0.78220300,738.44119684,2025-02-16 00:21:43.145120859,b,l,
0.78223500,688.90644499,2025-02-16 00:21:45.357434750,b,l,
0.78223500,647.20489947,2025-02-16 00:21:54.606343031,b,l,
0.78190700,601.57667122,2025-02-16 00:22:22.032340050,b,l,
0.78193900,566.75461513,2025-02-16 00:22:24.154002190,b,l,
0.78202100,535.99168555,2025-02-16 00:23:12.772031784,b,l,
0.78133600,521.47204774,2025-02-16 00:24:39.550952673,b,l,
0.78136500,502.30654386,2025-02-16 00:24:46.461601734,b,l,
0.78189600,514.48392477,2025-02-16 00:25:28.106809378,b,l,
0.78216800,25.07135149,2025-02-16 00:25:35.308632135,s,m,
0.78155800,461.47684861,2025-02-16 00:27:13.888735056,b,l,
0.78202000,100.86542619,2025-02-16 00:28:14.004412651,b,m,
0.78202900,463.30115777,2025-02-16 00:28:40.899395704,b,l,
0.78219800,465.70302962,2025-02-16 00:29:37.456683636,b,l,
0.78153500,442.51101360,2025-02-16 00:30:25.799740553,b,l,
0.78146700,424.36423856,2025-02-16 00:30:32.660810947,b,l,
0.78163200,410.02728920,2025-02-16 00:30:41.375245094,b,l,
0.78163200,394.10488754,2025-02-16 00:30:43.611556053,b,l,
0.78165400,380.99281950,2025-02-16 00:30:48.376986742,b,l,
0.78199100,351.63633140,2025-02-16 00:31:13.664208174,b,l,
0.78230500,344.41789015,2025-02-16 00:31:23.643850565,b,l,
0.78232700,336.80271628,2025-02-16 00:31:25.666415215,b,l,
0.78233800,327.72552613,2025-02-16 00:31:27.797367334,b,l,
0.78233900,320.60355177,2025-02-16 00:31:29.822484255,b,l,
0.78236100,311.90051682,2025-02-16 00:31:38.374186516,b,l,
0.78263800,300.87672039,2025-02-16 00:32:00.487876415,b,l,
0.78267300,51.60690932,2025-02-16 00:32:02.668709993,b,l,
0.78274500,12.08011576,2025-02-16 00:32:08.033776760,b,l,
0.78281300,52.95684359,2025-02-16 00:32:10.435005903,b,l,
0.78286800,8.17945136,2025-02-16 00:32:35.450435638,b,l,
0.78291300,54.21067636,2025-02-16 00:32:40.861668587,b,l,
0.78296800,50.39758271,2025-02-16 00:32:44.757817745,b,l,
0.78305700,55.48772138,2025-02-16 00:32:46.939649105,b,l,
0.78306600,46.49627182,2025-02-16 00:32:46.939649105,b,l,
0.78311200,4.42617952,2025-02-16 00:32:50.407897949,b,l,
0.78317000,5.65123709,2025-02-16 00:32:52.493973255,b,l,
0.78328600,40.11209840,2025-02-16 00:32:54.996896744,b,l,
0.78331400,310.62659126,2025-02-16 00:32:57.569512367,b,l,
0.78332400,302.21548295,2025-02-16 00:32:59.843701839,b,l,
0.78333500,302.20866564,2025-02-16 00:33:02.009594679,b,l,
0.78334600,285.60275448,2025-02-16 00:33:04.166077375,b,l,
0.78336200,276.45490742,2025-02-16 00:33:20.031304836,b,l,
0.78338400,273.56838720,2025-02-16 00:33:22.420974493,b,l,
0.78339500,265.70840219,2025-02-16 00:33:24.760922432,b,l,
0.78339600,259.03738823,2025-02-16 00:33:28.201779604,b,l,
0.78341500,253.86561599,2025-02-16 00:33:32.805774927,b,l,
0.78311200,286.52407528,2025-02-16 00:35:00.849615097,b,l,
0.78313300,279.24692259,2025-02-16 00:35:03.119317770,b,l,
0.78299300,271.56645515,2025-02-16 00:35:12.282460928,b,l,
0.78303300,265.34392672,2025-02-16 00:35:14.550686836,b,l,
0.78303300,258.87309071,2025-02-16 00:35:16.562831163,b,l,
0.78327800,252.58264398,2025-02-16 00:35:19.733405828,b,m,
0.78362900,1145.02462875,2025-02-16 00:35:19.733405828,b,m,
0.78390100,33.69520138,2025-02-16 00:35:40.173723459,b,l,
0.78390200,50.37459690,2025-02-16 00:35:40.173723459,b,l,
0.78409800,17.13667614,2025-02-16 00:35:42.286500931,b,l,
0.78435000,40.03130585,2025-02-16 00:35:46.316885710,b,l,
0.78435600,48.96991151,2025-02-16 00:35:46.316885948,b,l,
0.78436100,75.79723570,2025-02-16 00:35:46.316885948,b,l,
0.78436300,33.64838542,2025-02-16 00:35:48.370839834,b,l,
0.78442000,35.02718333,2025-02-16 00:35:53.316745996,b,l,
0.78447900,23.54254681,2025-02-16 00:36:00.662322521,b,l,
0.78455300,245.12890791,2025-02-16 00:36:22.384712696,b,l,
0.78456100,240.23137123,2025-02-16 00:36:24.396649122,b,l,
0.78459300,238.23402538,2025-02-16 00:36:27.960614204,b,l,
0.78546200,29.80364689,2025-02-16 00:37:00.014211178,b,l,
0.78552800,14.52248057,2025-02-16 00:37:00.021357775,b,l,
0.78580400,18.36011121,2025-02-16 00:37:00.462661743,b,l,
0.78603300,43.92214901,2025-02-16 00:37:00.658760786,b,l,
0.78710700,320.56024000,2025-02-16 00:37:08.317595482,s,l,
0.78678300,189.04205019,2025-02-16 00:37:33.240980148,b,l,
0.78663700,8.80000000,2025-02-16 00:38:40.275867939,s,l,
0.78614100,43.91615736,2025-02-16 00:38:47.678975821,b,l,
0.78625800,5000.00000000,2025-02-16 00:38:57.339627743,b,l,
0.78580700,80.13005000,2025-02-16 00:40:19.286332607,s,l,
0.78580700,240.39015000,2025-02-16 00:40:19.286332607,s,l,
0.78547800,175.38110533,2025-02-16 00:40:28.368331432,b,l,
0.78548900,131.51953062,2025-02-16 00:40:30.620619774,b,l,
0.78550100,800.00000000,2025-02-16 00:41:15.444510698,s,l,
0.78549200,3181.94137660,2025-02-16 00:41:15.444510698,s,l,
0.78549200,3181.94137660,2025-02-16 00:41:15.444510698,s,l,
0.78549200,3181.94137660,2025-02-16 00:41:15.444510698,s,l,
0.78540500,3182.29565058,2025-02-16 00:41:15.444510698,s,l,
0.78539200,234.67502076,2025-02-16 00:41:15.444510937,s,l,
0.78523300,1815.28820521,2025-02-16 00:41:15.445369482,s,l,
0.78523200,6365.99382339,2025-02-16 00:41:15.445369482,s,l,
0.78519900,320.40008000,2025-02-16 00:41:15.445369482,s,l,
0.78447900,62.74640564,2025-02-16 00:41:20.887809515,s,l,
0.78273700,6.44064303,2025-02-16 00:41:23.746643305,s,l,
0.78260000,341.31885094,2025-02-16 00:42:23.753747463,b,l,
0.78259600,332.00348069,2025-02-16 00:42:44.756074905,b,l,
0.78276800,331.73185186,2025-02-16 00:42:59.298868656,b,l,
0.78262200,353.20317009,2025-02-16 00:44:03.685877085,b,l,
0.78010200,338.17656930,2025-02-16 00:50:06.137927294,b,l,
0.78043600,311.43898706,2025-02-16 00:51:29.470516205,b,l,
0.78040500,307.85495322,2025-02-16 00:52:32.885351896,b,l,
0.78037300,300.60372565,2025-02-16 00:52:53.938996792,b,l,
0.78011900,327.51239656,2025-02-16 00:57:53.558759928,b,l,
0.78020600,323.59279374,2025-02-16 01:00:00.690559864,b,l,
0.77984600,12.07923461,2025-02-16 01:04:30.609867573,b,l,
0.77987200,54.37971775,2025-02-16 01:04:37.092727900,b,l,
0.77939400,153.96498323,2025-02-16 01:08:41.477098227,b,m,
0.77954100,150.65282900,2025-02-16 01:09:38.051962614,b,m,
0.77890300,432.31136450,2025-02-16 01:12:19.565867186,b,l,
0.77889800,414.89859138,2025-02-16 01:12:21.611008406,b,l,
0.77812500,2077.48219635,2025-02-16 01:17:04.617080212,b,l,
0.77771300,13.47785720,2025-02-16 01:19:48.286650181,b,l,
0.77840100,49.39160051,2025-02-16 01:22:03.999621391,b,l,
0.77841000,21.05588089,2025-02-16 01:22:03.999621391,b,l,
0.77867700,31.41333123,2025-02-16 01:22:23.389311552,b,l,
0.77766300,693.00370136,2025-02-16 01:27:03.866861820,b,l,
0.77814100,724.11456525,2025-02-16 01:28:33.194321632,b,l,
0.77837600,678.20115075,2025-02-16 01:28:43.811015129,b,l,
0.77877300,33.91805134,2025-02-16 01:29:20.597880602,b,l,
0.77916700,189.24010220,2025-02-16 01:29:44.122525930,b,l,
0.77919400,22.44470680,2025-02-16 01:29:46.752309322,b,l,
0.77906400,18.73993400,2025-02-16 01:30:05.915597439,b,l,
0.77879400,1676.82545124,2025-02-16 01:32:03.468898296,b,l,
0.77904100,1531.10199980,2025-02-16 01:32:15.088848352,b,m,
0.77904200,3208.28156343,2025-02-16 01:32:15.088848352,b,m,
0.77904400,990.00000000,2025-02-16 01:32:15.088848352,b,m,
0.77906200,3208.19924050,2025-02-16 01:32:15.088848352,b,m,
0.77906300,36.52641951,2025-02-16 01:32:15.088848352,b,m,
0.77910300,948.10000000,2025-02-16 01:32:15.088848352,b,m,
0.77911000,3208.00234641,2025-02-16 01:32:15.088848591,b,m,
0.77916400,5876.59157689,2025-02-16 01:32:15.088848591,b,m,
0.77924400,4490.43467247,2025-02-16 01:32:15.088848591,b,m,
0.77925200,3576.96435000,2025-02-16 01:32:15.088848591,b,m,
0.77929200,26.18179703,2025-02-16 01:32:15.088848591,b,m,
0.77931300,30.10391767,2025-02-16 01:32:15.088848591,b,m,
0.77942800,236.25439586,2025-02-16 01:32:15.088848591,b,m,
0.77946300,2077.48219635,2025-02-16 01:32:15.088848591,b,m,
0.77946400,54.47785653,2025-02-16 01:32:15.088848591,b,m,
0.77947800,4039.18279365,2025-02-16 01:32:15.088848591,b,m,
0.77794400,1202.89883969,2025-02-16 01:32:58.868153572,b,l,
0.77702200,43.95731487,2025-02-16 01:33:42.888497114,s,l,
0.77751500,64.34501281,2025-02-16 01:36:09.304656506,b,m,
0.77779000,37.80539263,2025-02-16 01:39:04.115822792,b,l,
0.77808000,12.09325837,2025-02-16 01:39:31.236143827,b,l,
0.77815900,8.23698329,2025-02-16 01:39:35.893627644,b,l,
0.77816400,37.80260346,2025-02-16 01:39:35.893627644,b,l,
0.77704800,1740.50084545,2025-02-16 01:43:27.669662237,b,l,
0.77703500,1740.69349903,2025-02-16 01:44:17.664088011,b,l,
0.77700300,1785.37092641,2025-02-16 01:46:05.223569393,b,l,
0.77756900,24.95135301,2025-02-16 01:48:01.541070223,b,l,
0.77751700,1441.00586061,2025-02-16 01:50:15.444782019,b,l,
0.77779900,55.80102296,2025-02-16 01:50:27.352495432,b,l,
0.77782300,1199.02886658,2025-02-16 01:50:43.513875961,b,l,
0.77793500,151.02599464,2025-02-16 01:51:31.072607994,b,l,
0.77868800,46.79168686,2025-02-16 01:52:10.650095701,b,l,
0.77891700,39.11740972,2025-02-16 01:52:15.148869514,b,l,
0.77894700,27.47871801,2025-02-16 01:53:23.718141317,b,l,
0.77898500,14.68610740,2025-02-16 01:53:26.372983456,b,l,
0.77900900,31.42593417,2025-02-16 01:53:34.735682726,b,l,
0.77907500,51.94486121,2025-02-16 01:53:36.881443739,b,l,
0.77921400,1683.51960429,2025-02-16 01:54:44.947953701,b,l,
0.77951600,24.89631331,2025-02-16 01:55:09.035834789,b,l,
0.77954000,26.21501387,2025-02-16 01:55:12.404914856,b,l,
0.77991200,1847.16843235,2025-02-16 01:56:27.564588070,b,l,
0.77992500,21.04128335,2025-02-16 01:56:37.112294912,b,l,
0.77999200,54.41091693,2025-02-16 01:56:40.189109802,b,l,
0.77999300,6.91733127,2025-02-16 01:56:40.189109802,b,l,
0.78002200,1641.84841867,2025-02-16 01:57:08.710110664,b,l,
0.78010200,40.31767578,2025-02-16 01:57:14.296628475,b,l,
0.78025300,36.45176617,2025-02-16 01:57:17.111701250,b,l,
0.78035300,21.06351285,2025-02-16 01:57:26.383643627,b,l,
0.78036000,45.46498597,2025-02-16 01:57:26.383643627,b,l,
0.78049000,53.12342890,2025-02-16 01:57:28.585570097,b,l,
0.78059100,45.36401775,2025-02-16 01:57:31.112876415,b,l,
0.78064800,53.09145322,2025-02-16 01:57:33.568941832,b,l,
0.78060300,755.29420338,2025-02-16 01:57:49.904191017,b,l,
0.78098700,27.46250769,2025-02-16 01:57:50.109953403,b,l,
0.78106600,40.24532749,2025-02-16 01:57:50.252471447,b,l,
0.78110400,50.43419308,2025-02-16 01:57:51.958995581,b,l,
0.78119900,6.40000000,2025-02-16 02:00:56.250608206,b,m,
0.78143900,9.49781050,2025-02-16 02:01:44.655860901,b,l,
0.78150000,157.98932110,2025-02-16 02:01:47.362412453,b,l,
0.78153100,5.73389315,2025-02-16 02:01:49.372778654,b,l,
0.78154100,32.58304921,2025-02-16 02:01:49.372778654,b,l,
0.78161800,5.68223040,2025-02-16 02:01:51.413584709,b,l,
0.78172400,40.26946989,2025-02-16 02:01:53.574221134,b,l,
0.78059000,4.00000000,2025-02-16 02:02:30.106353521,s,l,
0.77616900,5000.00000000,2025-02-16 02:21:03.941589117,s,l,
0.77744700,64.32580764,2025-02-16 02:23:13.708056211,b,m,
0.77741400,6.43130657,2025-02-16 02:23:19.347743273,b,m,
0.77736700,990.00000000,2025-02-16 02:23:34.717905283,b,m,
0.77739000,287.18696459,2025-02-16 02:23:34.717905521,b,m,
0.77835000,53.24760741,2025-02-16 02:31:40.718098640,b,l,
0.77904200,1397.60727273,2025-02-16 02:38:42.241026878,s,m,
0.77881100,770.95840800,2025-02-16 02:39:17.414372683,s,m,
0.77469900,28.46266744,2025-02-16 02:49:48.977231503,s,l,
0.77469200,172.11141073,2025-02-16 02:49:48.977231503,s,l,
0.77443400,187.80369739,2025-02-16 02:49:50.163023472,s,m,
0.77436200,231.95996471,2025-02-16 02:49:50.163023472,s,m,
0.77435000,18.84475463,2025-02-16 02:49:58.952301979,s,l,
0.77400000,115.00000000,2025-02-16 02:51:10.946470261,s,l,
0.77403200,230.93760148,2025-02-16 02:52:14.546755791,b,m,
0.77356700,6.72734900,2025-02-16 02:52:34.186243296,s,l,
0.77327300,34.23898000,2025-02-16 02:54:59.545968056,b,m,
0.77408500,54.76408748,2025-02-16 02:57:06.057150364,b,l,
0.77442200,39.28728204,2025-02-16 02:58:32.781352043,b,l,
0.77442700,61.83054729,2025-02-16 03:00:05.328480244,s,m,
0.77439700,40.65482406,2025-02-16 03:02:35.167868853,b,l,
0.77517200,54.72249510,2025-02-16 03:03:25.289481163,b,l,
0.77517900,54.71355450,2025-02-16 03:03:25.289481163,b,l,
0.77543300,57.36204380,2025-02-16 03:05:27.701694012,b,l,
0.77550700,28.91114880,2025-02-16 03:05:30.372545958,b,l,
0.77553700,13.49775077,2025-02-16 03:05:32.516601801,b,l,
0.77554300,32.80751097,2025-02-16 03:05:32.516601801,b,l,
0.77486000,2094.86882800,2025-02-16 03:10:57.017358541,s,m,
0.77485900,990.00000000,2025-02-16 03:10:57.017358541,s,m,
0.77483700,3226.00533331,2025-02-16 03:10:57.017358541,s,m,
0.77483700,3226.00533331,2025-02-16 03:10:57.017358541,s,m,
0.77478300,3226.23013260,2025-02-16 03:10:57.017358541,s,m,
0.77478100,972.10000000,2025-02-16 03:10:57.017358780,s,m,
0.77466400,4517.41121067,2025-02-16 03:10:57.017358780,s,m,
0.77465300,236.25439586,2025-02-16 03:10:57.017358780,s,m,
0.77452400,5876.59157689,2025-02-16 03:10:57.017358780,s,m,
0.77451700,9172.41831546,2025-02-16 03:10:57.017358780,s,m,
0.77541200,2102.15475304,2025-02-16 03:12:13.398249865,s,m,
0.77541100,800.00000000,2025-02-16 03:12:13.398249865,s,m,
0.77540000,3223.66299100,2025-02-16 03:12:13.398249865,s,m,
0.77540000,3223.66299100,2025-02-16 03:12:13.398249865,s,m,
0.77540000,3223.66299100,2025-02-16 03:12:13.398249865,s,m,
0.77539200,4296.43744768,2025-02-16 03:12:13.398249865,s,m,
0.77399700,7.75196803,2025-02-16 03:20:39.396712780,s,l,
0.77323100,47.21143700,2025-02-16 03:24:26.391707897,b,l,
0.77246900,15.66136450,2025-02-16 03:32:58.887639761,s,l,
0.77223500,31.00529074,2025-02-16 03:33:01.224307299,s,m,
0.77223500,46.69126537,2025-02-16 03:36:25.333991528,s,l,
0.77304200,50.99963505,2025-02-16 03:37:32.287373066,b,l,
0.77316700,7.00746974,2025-02-16 03:37:56.637499571,b,l,
0.77324000,9.58120546,2025-02-16 03:39:05.312641621,b,l,
0.77324900,66.55455883,2025-02-16 03:39:05.312641621,b,l,
0.77359500,36.70190685,2025-02-16 03:39:44.027865648,b,l,
0.77398000,50.90864862,2025-02-16 03:40:23.227373838,b,l,
0.77422400,26.42029894,2025-02-16 03:40:26.921082973,b,l,
0.77425700,49.60481188,2025-02-16 03:40:29.496604204,b,l,
0.77438400,14.79568822,2025-02-16 03:40:50.112575054,b,l,
0.77438900,21.23849166,2025-02-16 03:40:50.112575054,b,l,
0.77441000,56.13024920,2025-02-16 03:40:52.494480848,b,l,
0.77464800,49.58315896,2025-02-16 03:41:39.795202017,b,l,
0.77484900,17.30782938,2025-02-16 03:41:42.222879648,b,l,
0.77528200,9.03401824,2025-02-16 03:41:44.671629906,b,m,
0.77530900,6.99363873,2025-02-16 03:43:03.206540823,b,l,
0.77560800,23.81089753,2025-02-16 03:48:49.239209652,b,l,
0.77579600,14.73551068,2025-02-16 03:50:43.786491156,b,l,
0.77583900,40.51608661,2025-02-16 03:50:54.570306540,b,l,
0.77588800,32.73544298,2025-02-16 03:50:58.453042746,b,l,
0.77599200,23.80910231,2025-02-16 03:51:00.764109850,b,l,
0.77637800,636.10389808,2025-02-16 03:51:02.335177422,b,m,
0.77637900,340.03610192,2025-02-16 03:51:02.335177422,b,m,
0.77596600,171.94889843,2025-02-16 03:58:52.305587530,b,l,
0.77622300,571.28667047,2025-02-16 03:58:58.318394184,b,l,
0.77623900,34.04722820,2025-02-16 03:59:22.964392424,b,l,
0.77632300,509.16663968,2025-02-16 03:59:53.339505434,b,l,
0.77649600,31.48469606,2025-02-16 03:59:59.800108671,b,l,
0.77651500,37.88419210,2025-02-16 04:00:01.987414598,b,l,
0.77673300,17.34637043,2025-02-16 04:00:04.586134672,b,l,
0.77674300,10.84742135,2025-02-16 04:00:04.586134672,b,l,
0.77639200,2134.78986302,2025-02-16 04:01:04.131248712,s,l,
0.77677800,5000.00000000,2025-02-16 04:01:48.626716137,s,l,
0.77691000,2136.40712337,2025-02-16 04:02:34.062424898,b,l,
0.77691000,2136.41976872,2025-02-16 04:02:53.285415411,b,l,
0.77696500,2136.37882747,2025-02-16 04:02:57.786458015,b,l,
0.77715500,57.13791836,2025-02-16 04:03:05.646588087,b,l,
0.77716500,2136.33023387,2025-02-16 04:03:08.321134806,b,l,
0.77717700,2136.37339462,2025-02-16 04:03:11.104482651,b,l,
0.77719400,19.89613081,2025-02-16 04:03:13.542549849,b,l,
0.77722100,25.00013248,2025-02-16 04:03:15.659816265,b,l,
0.77734500,52.04424338,2025-02-16 04:03:21.456652880,b,l,
0.77744100,2135.49705425,2025-02-16 04:03:32.062338829,b,l,
0.77769600,30.16567094,2025-02-16 04:04:04.026357651,b,l,
0.77771900,2020.51172069,2025-02-16 04:04:07.549978971,b,l,
0.77779100,27.53868915,2025-02-16 04:04:10.140657663,b,l,
0.77780900,37.83865412,2025-02-16 04:04:12.173175573,b,l,
0.77786100,18.55450313,2025-02-16 04:04:13.617684126,b,l,
0.77813700,50.69448640,2025-02-16 04:04:14.218062162,b,l,
0.77873000,1717.93101069,2025-02-16 04:04:42.591424704,b,l,
0.77912200,1431.98959298,2025-02-16 04:04:47.703567028,b,l,
0.77937900,1315.91890801,2025-02-16 04:06:10.293202877,b,l,
0.77942200,1147.86204097,2025-02-16 04:06:13.900487661,b,l,
0.77952800,36.53953468,2025-02-16 04:06:16.645408630,b,l,
0.77961900,37.77323258,2025-02-16 04:06:18.856592655,b,l,
0.77949700,35.83280392,2025-02-16 04:07:08.716417789,s,l,
0.77913800,1063.28988140,2025-02-16 04:07:13.985850573,b,l,
0.77945600,953.14785820,2025-02-16 04:07:17.644394875,b,l,
0.77946000,907.57352683,2025-02-16 04:07:23.707665920,b,l,
0.77974400,837.61223994,2025-02-16 04:07:36.588485003,b,l,
0.77954700,128.66390086,2025-02-16 04:08:32.092518330,b,l,
0.77954700,847.83480299,2025-02-16 04:08:32.425822496,b,l,
0.77864700,734.16063065,2025-02-16 04:09:23.086209536,b,l,
0.77951600,664.12325083,2025-02-16 04:10:01.520273208,b,l,
0.77946100,64.14187155,2025-02-16 04:10:22.478077173,b,m,
0.77831900,606.59878477,2025-02-16 04:11:35.831598282,b,l,
0.77846300,567.19751517,2025-02-16 04:12:38.319698572,b,l,
0.77868900,646.46385261,2025-02-16 04:13:25.733136654,b,l,
0.77866600,604.00990035,2025-02-16 04:13:44.968261719,b,l,
0.77868500,566.94758712,2025-02-16 04:13:47.695031643,b,l,
0.77871800,533.24793985,2025-02-16 04:13:53.332788229,b,l,
0.77861800,544.35931198,2025-02-16 04:14:41.632472754,b,l,
0.77847200,521.10594769,2025-02-16 04:15:32.919636011,b,l,
0.77847200,492.73430854,2025-02-16 04:15:37.560713530,b,l,
0.77849400,468.72847464,2025-02-16 04:15:40.273756027,b,l,
0.77908600,464.97206896,2025-02-16 04:16:06.554525614,b,l,
0.77788000,445.77719376,2025-02-16 04:18:23.691492081,b,l,
0.77790500,416.71507372,2025-02-16 04:18:39.251399278,b,l,
0.77686500,510.62011718,2025-02-16 04:20:07.373600721,b,l,
0.77738500,488.50358272,2025-02-16 04:21:06.788394928,b,l,
0.77738800,470.31438773,2025-02-16 04:24:30.713292837,b,l,
0.77811700,398.87376451,2025-02-16 04:25:00.941630125,b,l,
0.77760200,400.18896251,2025-02-16 04:28:03.856654644,b,l,
0.77828200,46.82709105,2025-02-16 04:30:24.661949635,b,l,
0.77829300,179.15024083,2025-02-16 04:30:24.661949635,b,l,
0.77835800,39.07951707,2025-02-16 04:33:30.149080038,b,l,
0.77846200,12.10308574,2025-02-16 04:33:32.849517584,b,l,
0.77849100,33.91603476,2025-02-16 04:33:35.062920808,b,l,
0.77859300,19.89089131,2025-02-16 04:33:37.376591444,b,l,
0.77871700,13.45656638,2025-02-16 04:33:40.237891912,b,l,
0.77880800,171.29333728,2025-02-16 04:33:42.921674967,b,l,
0.77882900,73.77255032,2025-02-16 04:33:44.521206379,b,m,
0.77922600,35.27457309,2025-02-16 04:33:44.521206379,b,m,
0.77928500,18.45422112,2025-02-16 04:33:44.521206379,b,m,
0.77943100,127.50683567,2025-02-16 04:33:46.432479382,b,m,
0.77952300,49.30188900,2025-02-16 04:36:59.488175392,b,l,
0.77955300,44.22740415,2025-02-16 04:37:02.209368944,b,l,
0.77957400,33.86840406,2025-02-16 04:37:04.255325317,b,l,
0.77968700,8.31244029,2025-02-16 04:37:09.805668831,b,l,
0.77965900,15.95603515,2025-02-16 04:40:33.853825808,b,l,
0.77982100,2152.67828563,2025-02-16 04:40:41.151551485,s,m,
0.77982000,800.00000000,2025-02-16 04:40:41.151551485,s,m,
0.77980900,1482.61146142,2025-02-16 04:40:41.151551485,s,m,
0.77998500,38.98789787,2025-02-16 04:40:46.861938953,b,l,
0.77999100,21.03803575,2025-02-16 04:40:47.064100742,b,l,
0.78008600,46.66426188,2025-02-16 04:40:48.807550669,b,l,
0.78015900,2151.73981609,2025-02-16 04:41:07.547552347,s,l,
0.78014800,2848.26018391,2025-02-16 04:41:07.547552586,s,l,
0.78016000,27.48635853,2025-02-16 04:41:39.814858437,b,l,
0.78023500,35.22056747,2025-02-16 04:42:16.444312096,b,l,
0.78023700,8.26862051,2025-02-16 04:42:16.444312096,b,l,
0.78024500,42.83371576,2025-02-16 04:42:16.444312096,b,l,
0.78038600,55.67540615,2025-02-16 04:42:16.651647568,b,l,
0.78051400,23.58813515,2025-02-16 04:42:16.856728792,b,l,
0.78061000,800.00000000,2025-02-16 04:42:17.069730043,b,l,
0.78083100,990.00000000,2025-02-16 04:42:17.352132082,b,l,
0.78083100,955.90000000,2025-02-16 04:42:17.352132082,b,l,
0.78084300,2144.47249083,2025-02-16 04:42:17.460595846,s,l,
0.78081800,990.00000000,2025-02-16 04:42:17.891561747,b,l,
0.78085000,2144.45031384,2025-02-16 04:42:18.151448250,b,l,
0.78084100,800.00000000,2025-02-16 04:42:18.580544710,b,l,
0.78086700,46.69659668,2025-02-16 04:42:18.788672924,b,l,
0.78088700,2144.34855157,2025-02-16 04:42:19.026963472,b,l,
0.78105400,2143.89543046,2025-02-16 04:42:19.457028866,b,l,
0.78105400,2143.89437430,2025-02-16 04:42:19.886499405,b,l,
0.78102900,2143.95694725,2025-02-16 04:42:20.324463606,b,l,
0.78100800,2144.01727168,2025-02-16 04:42:20.754962921,b,l,
0.78102000,800.00000000,2025-02-16 04:42:21.188531399,b,l,
0.78103000,2143.95584314,2025-02-16 04:42:21.408143282,b,l,
0.78103000,2143.95590230,2025-02-16 04:42:21.838744402,b,l,
0.78104100,955.70000000,2025-02-16 04:42:22.270092726,b,l,
0.78104300,2143.92024575,2025-02-16 04:42:22.395662308,s,l,
0.78104300,800.00000000,2025-02-16 04:42:22.828396797,b,l,
0.78105200,2143.89554287,2025-02-16 04:42:23.039341688,b,l,
0.78105300,2143.91921529,2025-02-16 04:42:23.469660521,b,l,
0.78105300,2143.92125502,2025-02-16 04:42:23.900306225,b,l,
0.78104300,800.00000000,2025-02-16 04:42:24.338423729,b,l,
0.78105300,2143.92155948,2025-02-16 04:42:24.645032644,b,l,
0.78104000,2143.95725113,2025-02-16 04:42:25.078357697,b,l,
0.78102800,2144.00322679,2025-02-16 04:42:25.508282185,b,l,
0.78101800,800.00000000,2025-02-16 04:42:25.941986561,b,l,
0.78102800,2144.00480490,2025-02-16 04:42:26.156919718,b,l,
0.78088500,548.06998422,2025-02-16 04:43:11.698529720,b,l,
0.78091100,800.00000000,2025-02-16 04:43:11.848228693,b,l,
0.78064100,670.26193196,2025-02-16 04:44:17.096651316,b,l,
0.78064100,2906.70241804,2025-02-16 04:44:17.101237059,b,l,
0.78064200,950.80000000,2025-02-16 04:44:17.101237059,b,l,
0.78068300,800.00000000,2025-02-16 04:44:17.101237059,b,l,
0.78074900,267.06519853,2025-02-16 04:44:17.101237059,b,l,
0.78078400,3201.43615982,2025-02-16 04:44:17.101237059,b,l,
0.78078400,3201.43615982,2025-02-16 04:44:17.101237059,b,l,
0.78078400,3201.43615982,2025-02-16 04:44:17.101237059,b,l,
0.78078400,4482.01062375,2025-02-16 04:44:17.101237059,b,l,
0.78081700,5876.59157689,2025-02-16 04:44:17.101237059,b,l,
0.78084300,5122.67284479,2025-02-16 04:44:17.101237059,b,l,
0.78100300,1227.00000000,2025-02-16 04:44:17.101237059,b,l,
0.78100400,14089.90000000,2025-02-16 04:44:17.101237059,b,l,
0.78102200,4485.67271979,2025-02-16 04:44:17.101237059,b,l,
0.78102200,1915.24851250,2025-02-16 04:44:17.102181911,b,l,
0.78106700,3576.96435000,2025-02-16 04:44:17.102181911,b,l,
0.78115700,2077.48219635,2025-02-16 04:44:17.102181911,b,l,
0.78115700,5000.00000000,2025-02-16 04:44:17.103053093,s,l,
0.78138300,37.62058126,2025-02-16 04:44:19.694258690,b,l,
0.78166900,2142.05867700,2025-02-16 04:44:26.794168234,s,l,
0.78164800,2142.13203882,2025-02-16 04:44:32.497801065,s,l,
0.78164800,2857.86796118,2025-02-16 04:44:32.497801065,s,l,
0.78164800,95.23094474,2025-02-16 04:44:34.957519293,s,l,
0.78164800,4904.76905526,2025-02-16 04:44:34.957519293,s,l,
0.78167000,31.31030041,2025-02-16 04:45:31.124528885,b,l,
0.78169900,5.68173343,2025-02-16 04:45:33.186666727,b,l,
0.78242200,56.80728626,2025-02-16 04:48:23.250597477,b,l,
0.78244000,22.25333043,2025-02-16 04:48:53.130592585,b,l,
0.78246200,32.48038787,2025-02-16 04:48:55.766993284,b,l,
0.78324100,14.61502107,2025-02-16 04:51:14.804419279,b,l,
0.78331000,20.97334731,2025-02-16 04:51:16.863800049,b,l,
0.78336400,33.78241425,2025-02-16 04:51:18.896828651,b,l,
0.78336900,33.81154826,2025-02-16 04:51:18.896828651,b,l,
0.78340200,29.91030888,2025-02-16 04:51:21.353827477,b,l,
0.78352200,15.84697327,2025-02-16 04:53:27.810453892,b,l,
0.78352800,5.68678086,2025-02-16 04:53:27.810453892,b,l,
0.78346700,1306.89084700,2025-02-16 04:57:07.801497459,s,m,
0.78356800,45.25289293,2025-02-16 04:57:27.658797026,b,l,
0.78409500,15.63943859,2025-02-16 04:59:25.387266874,b,l,
0.78418000,43.93361136,2025-02-16 04:59:29.700859070,b,l,
0.78420400,56.70553022,2025-02-16 04:59:34.462620974,b,l,
0.78429600,31.20924238,2025-02-16 04:59:41.132297753,b,l,
0.78430400,12.04600359,2025-02-16 04:59:41.132297753,b,l,
0.78430700,43.87599446,2025-02-16 04:59:41.132297753,b,l,
0.78435700,33.72060781,2025-02-16 04:59:47.703480721,b,l,
0.78435800,37.54270676,2025-02-16 04:59:47.703480721,b,l,
0.78439600,12.01618586,2025-02-16 05:00:14.200400591,b,l,
0.78440100,18.45069436,2025-02-16 05:00:14.200400591,b,l,
0.78441400,29.84392892,2025-02-16 05:00:16.343267679,b,l,
0.78452000,19.64437436,2025-02-16 05:00:23.038611650,b,l,
0.78460600,49.04122347,2025-02-16 05:00:25.042779446,b,l,
0.78466700,135.66944361,2025-02-16 05:00:27.459838152,b,l,
0.78496500,46.37104468,2025-02-16 05:00:52.143898726,b,l,
0.78503400,20.93832103,2025-02-16 05:00:54.301940441,b,l,
0.78433600,8.80000000,2025-02-16 05:01:37.173079252,s,l,
0.78385900,1986.56625657,2025-02-16 05:03:07.406414747,s,l,
0.78327300,1988.12084601,2025-02-16 05:04:54.377460241,s,l,
0.78268300,1989.57377573,2025-02-16 05:05:12.372871399,s,l,
0.78226700,1967.66824024,2025-02-16 05:06:49.567328215,s,l,
0.78228800,70.77214899,2025-02-16 05:09:19.481929779,s,l,
0.78228800,61.79813894,2025-02-16 05:09:20.145220518,s,l,
0.78294600,1021.18734000,2025-02-16 05:12:27.689763784,s,m,
0.78343100,12.03347894,2025-02-16 05:14:20.287960529,b,l,
0.78376500,50.34626932,2025-02-16 05:14:53.277611256,b,l,
0.78436900,13.24845074,2025-02-16 05:15:14.967852592,b,l,
0.78450300,1942.67733033,2025-02-16 05:15:27.731521845,b,m,
0.78450400,800.00000000,2025-02-16 05:15:27.731521845,b,m,
0.78451500,2230.34998562,2025-02-16 05:15:27.731521845,b,m,
0.78451500,2230.34998562,2025-02-16 05:15:27.731521845,b,m,
0.78451500,2230.34998562,2025-02-16 05:15:27.731521845,b,m,
0.78452900,22.26439076,2025-02-16 05:15:27.731521845,b,m,
0.78453000,47.75916200,2025-02-16 05:15:27.731521845,b,m,
0.78453900,68.16745801,2025-02-16 05:15:27.731521845,b,m,
0.78456400,936.30000000,2025-02-16 05:15:27.731521845,b,m,
0.78460000,3122.15276070,2025-02-16 05:15:27.731521845,b,m,
0.78465600,5.64196078,2025-02-16 05:15:27.731521845,b,m,
0.78479200,4459.12861664,2025-02-16 05:15:27.731521845,b,m,
0.78481800,3576.96435000,2025-02-16 05:15:27.731521845,b,m,
0.78492500,5080.25106966,2025-02-16 05:15:27.731522083,b,m,
0.78523100,13.33664402,2025-02-16 05:16:50.179645061,b,l,
0.78385600,1928.49714722,2025-02-16 05:19:26.228473902,s,l,
0.78336100,12.80000000,2025-02-16 05:20:49.029240847,s,m,
0.78434300,881.31084700,2025-02-16 05:30:10.509639978,s,m,
0.78340100,1895.93945149,2025-02-16 05:34:04.722776890,s,l,
0.78402300,1880.48547429,2025-02-16 05:45:18.797397375,s,l,
0.78454800,143.30818929,2025-02-16 05:46:36.582063675,b,l,
0.78457300,24.75398373,2025-02-16 05:46:38.669357777,b,l,
0.78469000,14.57307772,2025-02-16 05:47:07.957445860,b,l,
0.78476700,47.69311792,2025-02-16 05:47:10.212225199,b,l,
0.78542900,5.67276445,2025-02-16 05:47:47.000451088,b,l,
0.78543000,25.98713410,2025-02-16 05:47:47.000451088,b,l,
0.78543800,55.36336400,2025-02-16 05:47:47.000451088,b,l,
0.78544800,52.75127346,2025-02-16 05:47:47.028656244,b,l,
0.78547000,10.73250180,2025-02-16 05:47:49.640648127,b,l,
0.78555000,5.62507802,2025-02-16 05:47:51.807155132,b,l,
0.78557600,38.71751548,2025-02-16 05:47:52.653043270,b,l,
0.78564200,15.78386465,2025-02-16 05:47:52.956760406,b,l,
0.78582600,54.06083468,2025-02-16 05:47:55.621611357,b,l,
0.78585600,14.58555459,2025-02-16 05:47:57.657201290,b,l,
0.78585700,50.19417828,2025-02-16 05:47:57.657201290,b,l,
0.78587100,23.45026451,2025-02-16 05:47:57.743987322,b,l,
0.78603300,43.92214902,2025-02-16 05:47:58.407610893,b,l,
0.78648900,32.30570407,2025-02-16 05:48:00.513446568,b,l,
0.78664000,42.46352802,2025-02-16 05:48:01.202492476,b,l,
0.78664200,6.90388511,2025-02-16 05:48:01.202492714,b,l,
0.78907200,1863.26545412,2025-02-16 05:48:19.081137419,s,l,
0.78818600,6.43130657,2025-02-16 05:48:25.561866999,s,l,
0.78810300,6.40000000,2025-02-16 05:48:27.654464722,s,m,
0.78810100,8.80000000,2025-02-16 05:48:34.225726604,s,l,
0.78798200,1865.70723911,2025-02-16 05:48:58.520882130,s,l,
0.78728000,1867.27074288,2025-02-16 05:49:56.166136026,s,l,
0.78679800,1868.43510833,2025-02-16 05:50:25.015500069,s,l,
0.78655700,1868.95991896,2025-02-16 05:50:45.155715942,s,l,
0.78753800,5000.00000000,2025-02-16 05:52:38.078247309,b,m,
0.78755000,538.76717573,2025-02-16 05:52:38.078247309,b,m,
0.78741300,1942.73502636,2025-02-16 05:52:50.924901485,s,l,
0.78649300,320.48016000,2025-02-16 05:53:20.533810853,s,l,
0.78607200,290.42788775,2025-02-16 05:53:25.561688900,s,l,
0.78585800,320.40008000,2025-02-16 05:54:05.130661726,s,l,
0.78541900,320.40008000,2025-02-16 05:54:46.346354008,s,l,
0.78494100,32.16278676,2025-02-16 05:54:47.497780323,s,m,
0.78583900,2009.83839131,2025-02-16 06:00:01.013719797,s,l,
0.78405700,2111.14319232,2025-02-16 06:06:33.638428926,s,l,
0.78424100,2110.69225623,2025-02-16 06:08:37.713759422,s,l,
0.78460800,2109.64473739,2025-02-16 06:10:05.213497400,s,l,
0.78471600,23.47923804,2025-02-16 06:11:02.113139153,b,l,
0.78486800,32.45735899,2025-02-16 06:11:02.358804464,b,l,
0.78552300,84.61467588,2025-02-16 06:11:28.657763720,b,l,
0.78552400,5.65526074,2025-02-16 06:11:28.657763720,b,l,
0.78557000,6.93382820,2025-02-16 06:13:06.181596041,b,l,
0.78567300,32.33496415,2025-02-16 06:13:11.573188066,b,l,
0.78593300,10.79439803,2025-02-16 06:13:14.204524279,b,l,
0.78589100,12.70000000,2025-02-16 06:13:34.046416283,s,m,
0.78516600,2174.92545991,2025-02-16 06:16:32.242400408,s,l,
0.78524100,2174.83414324,2025-02-16 06:16:42.399080276,s,l,
0.78525300,2174.85521649,2025-02-16 06:16:44.463128567,s,l,
0.78582100,2173.11404422,2025-02-16 06:18:23.898049355,s,l,
0.78591700,6.93069721,2025-02-16 06:20:41.617974997,b,l,
0.78601500,22.14057470,2025-02-16 06:21:08.640509129,b,l,
0.78637100,50.12544182,2025-02-16 06:21:58.500756025,b,l,
0.78569200,5000.00000000,2025-02-16 06:24:41.538589954,s,l,
0.78569200,1000.00000000,2025-02-16 06:24:41.867275476,s,l,
0.78466500,453.38479417,2025-02-16 06:24:53.170849085,s,l,
0.78474200,27.30152456,2025-02-16 06:28:39.705523252,b,l,
0.78474600,41.29692518,2025-02-16 06:28:39.705523252,b,l,
0.78511800,50.23445032,2025-02-16 06:28:45.586130619,b,l,
0.78303200,2149.11378626,2025-02-16 06:42:23.979486227,s,l,
0.78302200,2149.13502723,2025-02-16 06:42:27.396554470,s,l,
0.78300000,2149.21538901,2025-02-16 06:42:30.599648952,s,l,
0.78304900,2149.24975491,2025-02-16 06:42:53.291685104,s,l,
0.78300700,2149.38774204,2025-02-16 06:42:59.557089806,s,l,
0.78291700,2149.68930416,2025-02-16 06:43:01.570161581,s,l,
0.78285700,2149.83308482,2025-02-16 06:43:06.915785789,s,l,
0.78307000,2149.36152210,2025-02-16 06:44:56.754125595,s,l,
0.78301900,2149.43062917,2025-02-16 06:45:00.688227892,s,l,
0.78299100,63.84937676,2025-02-16 06:47:08.109830618,b,m,
0.78303300,1363.76097464,2025-02-16 06:50:17.053838730,s,l,
0.78303500,1134.40899110,2025-02-16 06:50:41.923943520,s,l,
0.78296500,943.06119316,2025-02-16 06:50:45.147609234,s,l,
0.78290700,788.31384484,2025-02-16 06:50:47.412525177,s,l,
0.78283600,669.19519540,2025-02-16 06:50:49.706232309,s,l,
0.78364300,50.29682447,2025-02-16 06:58:33.229317904,b,l,
0.78366600,11.99482563,2025-02-16 06:58:33.229317904,b,l,
0.78366400,34.50000000,2025-02-16 06:59:07.105672359,s,m,
0.78364200,320.40008000,2025-02-16 06:59:15.100801945,s,l,
0.78370300,800.00000000,2025-02-16 06:59:23.654659271,b,l,
0.78371200,2103.31804813,2025-02-16 06:59:23.654659271,b,l,
0.78371400,800.00000000,2025-02-16 06:59:23.654659271,b,l,
0.78372500,3660.42335233,2025-02-16 06:59:23.654659271,b,l,
0.78374600,27.32458177,2025-02-16 06:59:23.654659271,b,l,
0.78376700,9.43977567,2025-02-16 06:59:23.654659271,b,l,
0.78376800,18.42094760,2025-02-16 06:59:23.654659271,b,l,
0.78380200,18.40841367,2025-02-16 06:59:23.654659271,b,l,
0.78383200,3188.99271597,2025-02-16 06:59:23.654659271,b,l,
0.78397600,47.74432429,2025-02-16 06:59:23.655061245,b,l,
0.78404500,3189.73759916,2025-02-16 06:59:23.655061245,b,l,
0.78376500,290.43006492,2025-02-16 07:00:20.025036573,s,l,
0.78291700,2121.68563156,2025-02-16 07:01:20.291879892,s,l,
0.78287500,2121.82730912,2025-02-16 07:01:22.304756880,s,l,
0.78278500,2122.05980958,2025-02-16 07:01:24.529271126,s,l,
0.78292400,2121.64034734,2025-02-16 07:02:35.150588989,s,l,
0.78269400,2090.32868448,2025-02-16 07:02:39.549297333,s,l,
0.78082300,26.31328300,2025-02-16 07:09:36.752754211,s,m,
0.78074900,4924.56761657,2025-02-16 07:10:01.871869564,s,l,
0.78158500,25.59836143,2025-02-16 07:14:58.693360567,b,m,
0.78181700,51.75123006,2025-02-16 07:15:37.797901630,b,l,
0.78183700,56.89681084,2025-02-16 07:15:41.006920815,b,l,
0.78199200,4.42932579,2025-02-16 07:17:10.258731365,b,l,
0.78217200,36.34506125,2025-02-16 07:17:12.556824207,b,l,
0.78230500,17.24298405,2025-02-16 07:17:16.964533091,b,l,
0.78252000,2156.78730513,2025-02-16 07:18:57.945039749,s,l,
0.78238000,265.93591919,2025-02-16 07:18:57.955742598,s,l,
0.77988200,1378.23189896,2025-02-16 07:26:32.456089735,s,l,
0.77967500,1319.68467576,2025-02-16 07:28:53.620020628,s,l,
0.78036800,300.20451889,2025-02-16 07:44:43.145479679,s,m,
0.78063700,29.98868074,2025-02-16 07:47:20.550726652,b,l,
0.78074600,56.88613579,2025-02-16 07:47:22.590350866,b,l,
0.78119900,1.26116600,2025-02-16 07:48:42.037819862,b,l,
0.77770000,40.00000000,2025-02-16 07:54:49.539869308,s,l,
0.77702200,43.95731487,2025-02-16 07:55:22.226467848,s,l,
0.77744400,27.55658198,2025-02-16 07:59:28.561596870,b,l,
0.77781700,39.13648599,2025-02-16 07:59:41.786853313,b,l,
0.77797900,31.38353931,2025-02-16 07:59:53.289772987,b,l,
0.77808000,12.13937407,2025-02-16 08:01:58.564009428,b,l,
0.77847500,8.22477695,2025-02-16 08:02:31.214361906,b,l,
0.77869600,40.13453520,2025-02-16 08:02:32.209125280,b,m,
0.77869600,5.32903556,2025-02-16 08:02:45.574733019,b,l,
0.77898800,50.57114309,2025-02-16 08:03:37.310538292,b,l,
0.77856000,26.25849197,2025-02-16 08:08:28.243755817,b,l,
0.77934000,39.08229912,2025-02-16 08:12:20.629184484,b,l,
0.77934000,1800.00000000,2025-02-16 08:12:20.629184484,b,l,
0.77975900,22.42862582,2025-02-16 08:17:27.695751429,b,l,
0.77981600,42.87268560,2025-02-16 08:17:30.916593552,b,l,
0.78034600,33.85068735,2025-02-16 08:22:35.676608086,b,l,
0.77979900,34.99318822,2025-02-16 08:28:31.589975119,s,m,
0.78044700,23.68710083,2025-02-16 08:34:41.308558702,b,l,
0.78052900,30.01325142,2025-02-16 08:34:44.739151239,b,l,
0.78081400,8.23976904,2025-02-16 08:36:01.453955173,b,l,
0.77836400,846.05484266,2025-02-16 08:43:29.163086414,s,m,
0.77836400,143.94515734,2025-02-16 08:43:29.163086414,s,m,
0.77834200,1010.00000000,2025-02-16 08:43:29.163086414,s,m,
0.77834200,223.77812537,2025-02-16 08:43:29.163086414,s,m,
0.77834200,405.42038246,2025-02-16 08:43:29.163086414,s,m,
0.77834200,716.38160127,2025-02-16 08:43:29.163086414,s,m,
0.77834200,344.71726411,2025-02-16 08:43:29.163086414,s,m,
0.77834200,233.74331380,2025-02-16 08:43:29.163086414,s,m,
0.77778200,9.51096679,2025-02-16 08:47:01.065743922,b,l,
0.77778700,45.61553146,2025-02-16 08:47:01.065743922,b,l,
0.77813400,6.94192516,2025-02-16 08:56:56.263124943,b,l,
0.77736600,128.63953402,2025-02-16 09:00:17.319119453,b,m,
0.77500000,12.91612903,2025-02-16 09:10:27.643536568,s,l,
0.77536000,1043.93796225,2025-02-16 09:12:53.684156179,s,l,
0.77444700,868.56272569,2025-02-16 09:15:28.056779623,s,l,
0.77267000,747.16312138,2025-02-16 09:18:21.528996943,s,l,
0.77263600,667.71651058,2025-02-16 09:18:23.585161686,s,l,
0.77259500,568.35288944,2025-02-16 09:18:30.470419645,s,l,
0.77246900,15.66136450,2025-02-16 09:18:46.286501408,s,l,
0.77336500,32.85029410,2025-02-16 09:21:24.779795647,b,l,
0.77391900,6.46525250,2025-02-16 09:21:29.358189583,b,m,
0.77306100,393.83206597,2025-02-16 09:22:11.846747398,s,l,
0.77279000,416.29046216,2025-02-16 09:22:40.518174648,s,l,
0.77276800,387.10173031,2025-02-16 09:22:43.224257469,s,l,
0.77366200,45.82613544,2025-02-16 09:24:45.009273052,b,l,
0.77391900,45.74906357,2025-02-16 09:25:14.350166321,b,l,
0.77529800,21.23750639,2025-02-16 09:26:14.304648638,b,l,
0.77606000,1501.29906782,2025-02-16 09:26:39.218470573,s,l,
0.77627000,1701.03065006,2025-02-16 09:28:40.124125004,s,l,
0.77629300,1355.68019590,2025-02-16 09:28:55.672948599,s,l,
0.77657200,1012.56515601,2025-02-16 09:29:50.403080463,s,l,
0.77655100,843.77267423,2025-02-16 09:29:55.019513130,s,l,
0.77633100,17.60000000,2025-02-16 09:30:14.217348576,s,l,
0.77555800,17.60000000,2025-02-16 09:31:05.352760792,s,l,
0.77563200,9.93282639,2025-02-16 09:31:55.374430418,s,m,
0.77628600,1730.06703377,2025-02-16 09:32:18.100092173,s,l,
0.77517700,1732.51036140,2025-02-16 09:33:15.370011806,s,l,
0.77525900,1732.35936331,2025-02-16 09:33:28.394871712,s,l,
0.77525800,1732.34858384,2025-02-16 09:33:31.819831133,s,l,
0.77518900,1696.49409473,2025-02-16 09:33:34.368669748,s,l,
0.77596100,32.29221572,2025-02-16 09:33:47.602072716,b,m,
0.77635800,4.43616444,2025-02-16 09:37:02.865949154,b,l,
0.77658600,50.78921871,2025-02-16 09:37:59.649294376,b,l,
0.77679300,21.15597890,2025-02-16 09:38:17.447942972,b,l,
0.77690300,46.88809321,2025-02-16 09:38:40.585546732,b,l,
0.77693200,15.98894545,2025-02-16 09:38:47.373470783,b,l,
0.77693700,39.12807116,2025-02-16 09:38:47.373470783,b,l,
0.77758100,6.94905472,2025-02-16 09:41:15.143424749,b,l,
0.77759100,19.87391635,2025-02-16 09:41:15.143424749,b,l,
0.77760700,14.67516357,2025-02-16 09:41:17.330111027,b,l,
0.77783100,15.93063822,2025-02-16 09:41:22.586501837,b,l,
0.77800800,13.39276104,2025-02-16 09:41:27.710486174,b,l,
0.77787600,17.60000000,2025-02-16 09:41:39.239941835,s,l,
0.77864800,10.84525579,2025-02-16 09:42:26.673812866,b,m,
0.77892200,6.93542407,2025-02-16 09:42:26.673812866,b,m,
0.77893700,1718.85973260,2025-02-16 09:42:26.673812866,b,m,
0.77893800,1070.96032616,2025-02-16 09:42:26.673812866,b,m,
0.77913000,14.61929561,2025-02-16 09:42:51.359093189,b,l,
0.77937800,1.81381400,2025-02-16 09:43:06.382436991,b,l,
0.77937700,64.66983651,2025-02-16 09:45:02.807522774,b,l,
0.77980200,50.51319956,2025-02-16 09:45:19.508098363,b,l,
0.78008200,1715.81763148,2025-02-16 09:45:21.512191772,b,m,
0.78008300,3204.32599411,2025-02-16 09:45:21.512191772,b,m,
0.78010900,3204.21919817,2025-02-16 09:45:21.512191772,b,m,
0.78011000,40.36288549,2025-02-16 09:45:21.512191772,b,m,
0.78019100,3203.88640102,2025-02-16 09:45:21.512191772,b,m,
0.78026100,4485.03694006,2025-02-16 09:45:21.512191772,b,m,
0.78030900,1015.93212339,2025-02-16 09:45:21.512191772,b,m,
0.78019300,13.20000000,2025-02-16 09:45:28.834332705,s,l,
0.77942100,13.20000000,2025-02-16 09:47:18.746577501,s,l,
0.78032500,1734.93433935,2025-02-16 09:50:05.279277325,b,m,
0.78032600,3203.32858403,2025-02-16 09:50:05.279277325,b,m,
0.78032600,3203.32858403,2025-02-16 09:50:05.279277325,b,m,
0.78032700,12.05111660,2025-02-16 09:50:05.279277325,b,m,
0.78036000,3203.19146960,2025-02-16 09:50:05.279277325,b,m,
0.78040900,10.86101542,2025-02-16 09:50:05.279277325,b,m,
0.78045600,3576.96435000,2025-02-16 09:50:05.279277325,b,m,
0.78045600,5876.59157689,2025-02-16 09:50:05.279277563,b,m,
0.78048200,221.49322742,2025-02-16 09:50:05.279277563,b,m,
0.78048300,4483.76124503,2025-02-16 09:50:05.279277563,b,m,
0.78051200,272.29311478,2025-02-16 09:50:05.279277563,b,m,
0.78053300,962.70000000,2025-02-16 09:50:05.279277563,b,m,
0.78058300,4555.29272497,2025-02-16 09:50:05.279277563,b,m,
0.78070300,24.85828046,2025-02-16 09:51:11.457422733,b,l,
0.78073600,45.38902988,2025-02-16 09:51:23.227890491,b,l,
0.78089900,8.20040601,2025-02-16 09:51:25.629560709,b,l,
0.78077900,272.29311478,2025-02-16 09:51:28.267329931,s,l,
0.78114100,19.74874426,2025-02-16 09:54:08.904066086,b,l,
0.78115200,44.11889838,2025-02-16 09:54:08.904066086,b,l,
0.78118200,23.58844593,2025-02-16 09:54:11.621961832,b,l,
0.78120000,9.47279296,2025-02-16 09:54:13.665824413,b,l,
0.78158000,42.75351453,2025-02-16 09:54:20.285750866,b,l,
0.78173400,26.16857267,2025-02-16 09:54:24.998703718,b,l,
0.78200000,387.66517639,2025-02-16 09:54:29.401685953,b,l,
0.78211300,27.36976065,2025-02-16 09:54:31.592055798,b,l,
0.78090500,42.75582900,2025-02-16 09:59:25.783305645,b,m,
0.78022500,42.72496592,2025-02-16 10:01:30.797621012,b,m,
0.77911800,387.66517639,2025-02-16 10:05:02.663374186,b,m,
0.77857000,55.77741985,2025-02-16 10:08:14.524619340,b,l,
0.78079200,27.41546053,2025-02-16 10:14:11.997314453,b,l,
0.78128000,39.00068457,2025-02-16 10:15:43.123855352,b,l,
0.78133500,24.83000259,2025-02-16 10:15:46.065813541,b,l,
0.78061600,750.96123037,2025-02-16 10:17:35.755208254,s,m,
0.78003400,125.00000000,2025-02-16 10:23:22.570501804,s,l,
0.78039100,6.31235900,2025-02-16 10:26:02.044283390,b,l,
0.77923300,32.69560306,2025-02-16 10:38:24.407124281,b,l,
0.77911800,7.43496266,2025-02-16 10:48:35.452321768,s,m,
0.78022400,24.66581550,2025-02-16 10:49:41.662458897,s,m,
0.78045300,18.50883345,2025-02-16 10:50:18.715970993,b,l,
0.78049000,53.13006729,2025-02-16 10:50:21.047361374,b,l,
0.78070000,47.89628266,2025-02-16 10:50:28.064024210,b,l,
0.78070300,8.20162484,2025-02-16 10:50:28.064024210,b,l,
0.78070500,27.45050171,2025-02-16 10:50:28.064024210,b,l,
0.77818700,250.13519200,2025-02-16 10:58:54.361456394,b,l,
0.77668400,9.50256760,2025-02-16 11:02:47.252471924,b,l,
0.77786200,30.10963641,2025-02-16 11:06:15.230647087,b,l,
0.77855400,9.49447061,2025-02-16 11:10:24.362578630,b,l,
0.77867900,26.27831723,2025-02-16 11:10:29.185268402,b,l,
0.77902200,13.44485822,2025-02-16 11:10:34.900677443,b,l,
0.77905100,12.10036248,2025-02-16 11:15:29.070441246,b,l,
0.77884800,38.48927048,2025-02-16 11:16:06.238226652,b,m,
0.77943900,23.63958814,2025-02-16 11:17:48.251363039,b,l,
0.77944400,42.87081893,2025-02-16 11:17:48.251363039,b,l,
0.77956300,41.62663065,2025-02-16 11:18:11.214330435,b,l,
0.77982300,31.34741891,2025-02-16 11:18:19.457813025,b,l,
0.77995600,12.10621417,2025-02-16 11:18:26.353563547,b,l,
0.78013800,5.71080638,2025-02-16 11:18:33.334218264,b,l,
0.78014000,30.07943261,2025-02-16 11:18:33.334218502,b,l,
0.78017300,19.83807480,2025-02-16 11:18:40.127501011,b,l,
0.78018800,21.10597142,2025-02-16 11:18:43.040511131,b,l,
0.78086700,27.48666097,2025-02-16 11:19:53.613454580,b,l,
0.78090000,4.42456300,2025-02-16 11:20:26.532357693,b,l,
0.78148700,53.01142618,2025-02-16 11:20:44.265731096,b,l,
0.78151400,36.37967097,2025-02-16 11:20:46.431812286,b,l,
0.78180000,393.22181277,2025-02-16 11:20:55.711447239,b,l,
0.78186900,14.66563803,2025-02-16 11:21:06.312766075,b,l,
0.78187800,32.59416262,2025-02-16 11:21:06.312766075,b,l,
0.78189800,26.14263077,2025-02-16 11:21:08.486707449,b,l,
0.78193200,34.21133500,2025-02-16 11:30:42.036592007,s,l,
0.78217200,8.10579999,2025-02-16 11:34:21.935928583,b,m,
0.78238500,35.01781409,2025-02-16 11:35:44.483916998,b,l,
0.78241400,54.29274090,2025-02-16 11:35:46.498004675,b,l,
0.78248100,18.44362778,2025-02-16 11:35:49.349014997,b,l,
0.78260500,6.98113718,2025-02-16 11:35:51.673440933,b,l,
0.78264500,27.37198749,2025-02-16 11:35:55.520474434,b,l,
0.78326000,5.77181776,2025-02-16 11:36:14.475133896,b,m,
0.78327100,14.58748007,2025-02-16 11:36:31.102631330,b,l,
0.78385200,393.22181277,2025-02-16 11:36:52.441781044,b,m,
0.78235300,12.43941300,2025-02-16 11:47:13.415106297,b,l,
0.78324600,6.97240160,2025-02-16 11:56:39.001523018,b,l,
0.78383800,12.02136559,2025-02-16 12:02:05.449358940,b,l,
0.78386100,56.72376736,2025-02-16 12:02:07.600484371,b,l,
0.78390600,55.40338089,2025-02-16 12:02:11.370705843,b,l,
0.78392600,38.82635117,2025-02-16 12:02:13.389379978,b,l,
0.78409500,15.63943858,2025-02-16 12:02:24.538961887,b,l,
0.78447800,18.43421070,2025-02-16 12:03:37.328977585,b,l,
0.78460200,33.63552594,2025-02-16 12:03:37.328977585,b,l,
0.78462600,72.81156336,2025-02-16 12:03:37.328977585,b,l,
0.78245500,12.78445410,2025-02-16 12:06:42.221065760,b,m,
0.78204100,1886.08259537,2025-02-16 12:15:38.542658329,b,m,
0.78204200,800.00000000,2025-02-16 12:15:38.542658329,b,m,
0.78205200,990.00000000,2025-02-16 12:15:38.542658329,b,m,
0.78208700,929.70000000,2025-02-16 12:15:38.542658329,b,m,
0.78215600,6728.30111240,2025-02-16 12:15:38.542658329,b,m,
0.78167800,6.46525250,2025-02-16 12:15:40.658326149,s,l,
0.78176700,12.65799729,2025-02-16 12:20:18.890015841,b,m,
0.78201600,44.66501187,2025-02-16 12:21:33.447885752,b,m,
0.78125200,1888.25174377,2025-02-16 12:30:03.389681816,s,l,
0.78046700,1891.47467278,2025-02-16 12:31:21.923793077,s,l,
0.78046700,290.46562545,2025-02-16 12:31:21.923793077,s,l,
0.78064900,1891.28640822,2025-02-16 12:31:36.540984631,b,l,
0.78065100,333.74486970,2025-02-16 12:31:36.540984631,b,l,
0.78009300,15.96944640,2025-02-16 12:42:18.385819197,b,l,
0.78009100,1896.54096265,2025-02-16 12:44:52.675894976,s,l,
0.77892200,1599.68392550,2025-02-16 12:53:12.828762054,s,l,
0.77838900,1905.72407921,2025-02-16 12:53:48.432882309,s,l,
0.77822700,1909.41822817,2025-02-16 13:02:02.386380196,s,l,
0.77722800,1913.44227156,2025-02-16 13:06:58.114311695,s,l,
0.77700000,4.40000000,2025-02-16 13:07:03.986499310,s,l,
0.77674300,1914.97386241,2025-02-16 13:10:09.880684137,s,l,
0.77654200,5000.00000000,2025-02-16 13:10:17.090285540,s,l,
0.77654200,3012.31970490,2025-02-16 13:10:20.470380306,s,l,
0.77834600,45.48646552,2025-02-16 13:15:53.838834763,b,l,
0.77848300,6.42387832,2025-02-16 13:15:59.660295010,b,m,
0.77848300,40.32840065,2025-02-16 13:16:00.155149460,b,l,
0.77856900,22.46217195,2025-02-16 13:16:01.123875856,b,l,
0.77902400,46.76492243,2025-02-16 13:16:06.406471968,b,l,
0.77959900,23.66224300,2025-02-16 13:16:16.409534931,b,l,
0.77962000,1909.50154293,2025-02-16 13:19:20.648750782,s,l,
0.77971100,4.45360440,2025-02-16 13:21:54.479788780,b,l,
0.77982300,15.97684494,2025-02-16 13:22:04.924785614,b,l,
0.77752100,1915.76463139,2025-02-16 13:30:06.786328554,s,l,
0.77770300,55.82543425,2025-02-16 13:32:13.293933153,b,l,
0.77813000,41.69486994,2025-02-16 13:32:45.686129093,b,l,
0.77604700,1920.39437302,2025-02-16 13:39:03.208640575,s,l,
0.77567900,1921.36699344,2025-02-16 13:39:26.314880133,s,l,
0.77493900,1923.27484300,2025-02-16 13:40:11.204379797,s,l,
0.77477300,1923.61824675,2025-02-16 13:40:15.340684414,s,l,
0.77416200,37.19684900,2025-02-16 13:41:12.798370361,s,m,
0.77391500,1888.94389403,2025-02-16 13:42:04.202624083,s,l,
0.77388900,1889.04861449,2025-02-16 13:42:14.382391691,s,l,
0.77386600,1889.06581792,2025-02-16 13:42:18.108795404,s,l,
0.77352200,1889.93024328,2025-02-16 13:42:43.203829050,s,l,
0.77348400,1890.03556478,2025-02-16 13:42:50.186467409,s,l,
0.77327400,1890.57916738,2025-02-16 13:43:21.604224920,s,l,
0.77319400,1890.83279387,2025-02-16 13:43:24.978665590,s,l,
0.77297000,1891.29767970,2025-02-16 13:43:28.020670176,s,l,
0.77312700,1891.00450850,2025-02-16 13:43:35.586760044,s,l,
0.77341700,1890.27496893,2025-02-16 13:44:10.229832411,s,l,
0.77343400,1890.21588915,2025-02-16 13:44:12.826402187,s,l,
0.77343300,1890.16884970,2025-02-16 13:44:17.623728991,s,l,
0.77338300,1890.34465299,2025-02-16 13:44:19.808642626,s,l,
0.77326900,1890.62604869,2025-02-16 13:44:22.194780827,s,l,
0.77314200,1890.94142144,2025-02-16 13:44:26.284463406,s,l,
0.77286800,1891.52141269,2025-02-16 13:44:43.146973848,s,m,
0.77255400,5876.59157689,2025-02-16 13:44:43.146973848,s,m,
0.77248500,2911.32000000,2025-02-16 13:44:43.146973848,s,m,
0.77246900,15.66136450,2025-02-16 13:44:43.146973848,s,m,
0.77245700,2824.54000000,2025-02-16 13:44:43.146973848,s,m,
0.77245100,985.40000000,2025-02-16 13:44:43.146973848,s,m,
0.77223200,5145.27189633,2025-02-16 13:44:43.146973848,s,m,
0.77222100,11666.48509771,2025-02-16 13:44:43.146973848,s,m,
0.77286800,1891.52141269,2025-02-16 13:44:52.475255728,s,l,
0.77285800,1891.59385881,2025-02-16 13:44:57.268585443,s,m,
0.77237100,2860.41000000,2025-02-16 13:44:57.268585682,s,m,
0.77233700,5144.57239139,2025-02-16 13:44:57.268585682,s,m,
0.77233600,986.30000000,2025-02-16 13:44:57.268585682,s,m,
0.77216600,2860.76000000,2025-02-16 13:44:57.268585682,s,m,
0.77196300,14239.20000000,2025-02-16 13:44:57.268585682,s,m,
0.77195100,2102.78235618,2025-02-16 13:44:57.268585682,s,m,
0.77192900,44.24733456,2025-02-16 13:44:57.268585682,s,m,
0.77190900,79.04212538,2025-02-16 13:44:57.268585682,s,m,
0.77286800,1891.53047653,2025-02-16 13:45:23.886357784,s,l,
0.77267900,1891.97949969,2025-02-16 13:45:30.217450142,s,l,
0.77285800,1891.64442289,2025-02-16 13:45:35.447456837,s,l,
0.77315300,1890.90213628,2025-02-16 13:45:57.589601994,s,l,
0.77307600,1891.12811872,2025-02-16 13:45:59.791777849,s,l,
0.77294900,1891.45021571,2025-02-16 13:46:04.702623844,s,l,
0.77315300,1860.55970007,2025-02-16 13:46:36.723212481,s,l,
0.77311500,1860.66683949,2025-02-16 13:46:59.418602943,s,l,
0.77289700,1861.11614882,2025-02-16 13:47:02.789915323,s,l,
0.77268300,1861.63158008,2025-02-16 13:47:05.308284521,s,l,
0.77281800,392.76993652,2025-02-16 13:47:10.726770163,b,m,
0.77281700,1861.28448702,2025-02-16 13:47:11.594388485,s,l,
0.77277300,1861.36940098,2025-02-16 13:47:14.409945488,s,l,
0.77309900,1860.60105211,2025-02-16 13:47:32.086493015,s,l,
0.77330600,392.76993652,2025-02-16 13:47:56.587980270,s,l,
0.77295400,334.16493151,2025-02-16 13:48:20.523712158,b,m,
0.77300700,102.69652960,2025-02-16 13:48:20.523712158,b,m,
0.77189000,8.95803048,2025-02-16 13:49:33.287005901,s,l,
0.77155600,37.90582149,2025-02-16 13:49:33.857941389,s,l,
0.77153100,12.80222861,2025-02-16 13:49:35.159651279,s,m,
0.77153100,3.14076677,2025-02-16 13:49:35.159651279,s,m,
0.77084200,9.52425616,2025-02-16 13:49:35.159651279,s,m,
0.77070100,12.26355668,2025-02-16 13:49:35.159651279,s,m,
0.77070100,61.12693619,2025-02-16 13:49:35.159651279,s,m,
0.77070100,62.03627881,2025-02-16 13:49:35.159651279,s,m,
0.77070100,62.41090842,2025-02-16 13:49:35.159651279,s,m,
0.77070100,63.29113924,2025-02-16 13:49:35.159651279,s,m,
0.77070100,64.35006435,2025-02-16 13:49:35.159651279,s,m,
0.77070100,56.87298519,2025-02-16 13:49:35.159651279,s,m,
