Date,EA_simple.return,F_simple.return,FLG_simple.return,GE_simple.return,GOOGL_simple.return,GS_simple.return,HD_simple.return,HLT_simple.return,HON_simple.return,HWKN_simple.return,cpi,inflation_rate,EA_real.return,F_real.return,FLG_real.return,GE_real.return,GOOGL_real.return,GS_real.return,HD_real.return,HLT_real.return,HON_real.return,HWKN_real.return
2014-01-31,0.014214366279201363,-0.01901619796527554,-0.009786004043784269,-0.01450971501630638,0.04014492342553888,-0.010371341900609732,-0.0010399210954910032,-0.0004619926807392094,-0.005125730800839112,-0.008727375398287496,235.288,,,,,,,,,,,
2014-02-28,0.001751986059633559,0.0,0.0012530223979843047,-0.0011766095920758834,-0.002919883977604898,0.006470062693807677,0.0007312944235542407,-0.005780333714177299,0.0007418059184638448,0.0042275699993690186,235.547,0.0011007786202441583,0.0006504913923719435,-0.0010995682390351202,0.0001520763753175558,-0.0022748840685737903,-0.004016241604956616,0.005363380179329802,-0.0003690779236024122,-0.006873546081849313,-0.0003585779867987249,0.0031233532586343316
2014-03-31,0.016824303267756413,0.009708889139509846,0.010691353688759841,0.00038592989702124214,-0.0050350179279171625,0.009550204675332408,0.005208912263687582,-0.0004495658516125989,0.020573833650644913,0.016039890430407544,236.028,0.00204205530106516,0.014752123315073806,0.007651209645229029,0.008631672036056415,-0.0016527503963357226,-0.007062650905261703,0.007492848563138921,0.003160403244423682,-0.002486543493355864,0.018494012553207595,0.013969309027789922
2014-04-30,0.008553263409077694,0.009690379636295043,-0.015335521726551171,0.004857931190171527,-0.0027035890190627576,0.009984688491408988,-0.0001255448276269444,0.03508745824942139,0.004649990077788546,0.0036041699889417522,236.468,0.0018641856050976013,0.006676631323975446,0.007811631699830235,-0.017167703545826085,0.002988175072119015,-0.004559275288797293,0.00810539292948853,-0.0019860281077148656,0.03316145353999045,0.0027806208792746645,0.0017367467655242663
2014-05-31,0.01064447381085154,-0.006045955985291118,-0.001959281016355674,0.0018697232866442537,0.0019104381547063731,-0.0057861991555862025,0.004130317757316204,0.019837583570358364,0.003446915941830886,0.048186260341304576,236.918,0.0019030059035471947,0.00872486443876963,-0.007933863699380428,-0.0038549509255336734,-3.321940018830016e-05,7.418134405634547e-06,-0.007674600249551133,0.002223081316898856,0.017900512885114184,0.0015409775489108046,0.04619534442460105
2014-06-30,-0.0005570377255975645,-0.002315061222785686,0.0012530858149384372,-0.0056754257747071435,-0.0017415285799403657,0.003957442240468678,-0.0020955170280323454,0.021481454666585353,-0.0033239043239960964,0.007596626216728186,237.231,0.001321132206079767,-0.0018756918947065992,-0.0036313958748221964,-6.795661147329657e-05,-0.00698732679831926,-0.003058619944705021,0.002632831715616124,-0.0034121413442904647,0.020133723150423277,-0.0046389079194224525,0.006267214192136716
2014-07-31,-0.026087044113081603,-0.02520015409298637,-0.011207906520359523,-0.019110795480046794,-0.026686068200794666,-0.016442724921536866,-0.011130813374328419,-0.01904337378773102,-0.023812157982959214,-0.005805602514665331,237.498,0.001125485286492811,-0.0271819365299516,-0.026296043569348893,-0.012319526361196265,-0.02021353073510912,-0.02778028718280867,-0.017548459674864958,-0.012242519884821279,-0.02014618483960784,-0.024909607872299455,-0.006923295733675894
2014-08-31,0.01994619507668438,-0.0005742204471195222,0.0037758716510234436,-0.001153602896591388,0.003515221510149935,0.008218614624084353,0.010700993714040541,-0.013249909308973407,-0.0007342643150137773,0.01573317214991432,237.46,-0.00016000134737970129,0.020109413957392297,-0.0004142853859597784,0.0039365028441622485,-0.000993760552238987,0.003675810992241013,0.008379956775839137,0.010862733113354617,-0.013092002699665595,-0.0005743548651864216,0.01589571683340485
2014-09-30,-0.004750796273746638,-0.02117791268239222,-0.002513825369252709,0.007867876836020082,0.0010207491759657294,-0.0014143686093563979,-0.01227407688776383,0.003258623131862093,-0.0043840284531337925,-0.010728499263344626,237.477,7.159100480080838e-05,-0.004822042063710952,-0.021247982522774267,-0.0025852312947475253,0.007795727727238022,0.0009490902248421307,-0.0014858532404307123,-0.012344784117065633,0.0031868039805622583,-0.004455300498495185,-0.010799317134180586
2014-10-31,0.02810533899830503,0.010036016585580843,0.012055686205852512,0.0054537505758116556,0.01356490037099678,0.016152428475212588,0.0,0.00919642701698642,0.005544560111934382,0.0272070604060608,237.43,-0.00019791390324119806,0.028308855617657835,0.010235956326892115,0.012256025746987476,0.005652783243448756,0.013765538665725607,0.016353578979101613,0.00019795308090819752,0.009396200558955847,0.005743610755598816,0.027410399208398717
2014-11-30,0.005723590800311262,0.007687512581256328,-0.009968954709894118,-0.014142132015743103,0.0024646750988410737,0.00260729815945826,0.017400103278646162,0.0076864699374994405,-0.00010130224029902823,-0.003033528417435094,236.983,-0.0018826601524659647,0.0076205979488734865,0.00958822410117044,-0.008101547017170696,-0.012282595816990649,0.00435553524395349,0.00449842732179162,0.019319134796373483,0.00958717949076715,0.0017847179294960824,-0.001153039045634574
2014-12-31,-0.007597937775597696,0.0,-0.011124942475855604,-0.011732773488812631,-0.008630920024947475,-0.00960607904029076,0.006713408334396043,0.0,-0.007942717238172081,-0.013433221764951653,236.252,-0.0030846094445592387,-0.0045272932625946005,0.0030941537002859842,-0.00806521105749669,-0.008674922793031614,-0.005563471717793478,-0.006541648025012448,0.00982833435192143,0.0030941537002859842,-0.004873139525818804,-0.010380632517496435
2015-01-31,-0.008494441460851654,-0.009427413531497453,-0.0038680784224440767,-0.007890522283877655,0.047386128343153144,-0.020342250610180912,-0.029734405864312197,-0.015542035167943835,-0.024059275122425672,-0.02506349776957706,234.747,-0.0063703164417655556,-0.002137743119226765,-0.0030766966208016777,0.002518280261476047,-0.0015299521212652767,0.05410108582144435,-0.014061510439564606,-0.023513880280708555,-0.009230520059881786,-0.017802365381552554,-0.018813026258304166
2015-02-28,-0.009526990411459657,-0.0024419238548456512,0.004839931298597389,0.003862537226261953,0.005971798876489354,-0.012539194021083389,-0.005459915494825607,0.009282517239640908,-0.008298023299426305,-0.0007686730699406619,235.342,0.0025346436802173855,-0.012031139440129346,-0.00496398560033251,0.0022994593083760506,0.001324536318435765,0.0034284652584717357,-0.01503572748964166,-0.007974347046697194,0.006730813345913633,-0.010805279446381988,-0.003294965187469079
2015-03-31,-0.010929886706477543,-0.0012375839978058245,-0.010644727795869113,-0.012341079713068637,-0.011476639946902512,-0.015966653889152305,-0.008898219294051657,-0.0003375916660665057,-0.005719064278691066,-0.0075761110380622165,235.976,0.0026939517808124425,-0.013587235131012454,-0.00392097286678128,-0.013302842360813805,-0.014994636665732752,-0.014132519401904853,-0.018610469961270804,-0.01156102622767008,-0.003023398556952328,-0.00839041269228935,-0.010242470098313361
2015-04-30,-0.009041300065065094,-0.013732953233954404,0.0046752919832613316,-0.00036924555344497456,-0.022480065431173424,-0.010777933959428831,-0.0159138195371471,-0.02688184657142212,-0.008060043328868116,-0.026165838816767262,236.222,0.0010424788961589382,-0.010073277781721401,-0.01476004509459583,0.0036290299000181214,-0.0014102542892691083,-0.023498048108078762,-0.011808103157242678,-0.016938640258307158,-0.027895245263091062,-0.009093042919681382,-0.027179983154090093
2015-05-31,-0.008060710209222832,-0.00784835390925398,0.00112893924841595,-0.013029719940312767,-0.015987471383463236,-0.010984041556237334,-0.006863093256516795,-0.015301130255474527,-0.01409797891599951,-0.0031792960149161775,237.001,0.003297745341246827,-0.011321121375196919,-0.011109463070416603,-0.0021616774311530307,-0.01627379843857435,-0.019221828030871024,-0.014234844006976832,-0.010127440876793403,-0.018537742841628124,-0.01733854614746455,-0.00645575193031056
2015-06-30,0.004228425301632699,-0.0006656993701227298,0.00712332346260669,-0.0026275380561030515,-0.0022355054485316828,0.005490129227032847,0.005337573440805876,0.00804989629577757,0.0011785463803777319,0.004476529291094211,237.657,0.0027679208104607333,0.0014564730889989885,-0.003424142425505927,0.004343380518820217,-0.005380565886275113,-0.004989615398694136,0.0027146943575657723,0.002562559668111808,0.00526739575100077,-0.0015849873107213197,0.0017038922418384228
2015-07-31,-0.010373225938681618,-0.017880809679972853,0.0026340519271290663,-0.0007655908797226108,-0.010623501925727252,-0.010279722256328006,0.004894464340851723,0.011680327081379227,-0.003131580278367463,0.01333340516211301,238.034,0.0015863197801873063,-0.011940604102393948,-0.019436297277335535,0.0010460727410610549,-0.002348185686507853,-0.012190483700490473,-0.011847248511860142,0.00330290509697706,0.01007802033818428,-0.0047104278137406475,0.01172848026169504
2015-08-31,-0.025916739842712477,0.009461544075728412,0.0011336500557499463,-0.013513382459308554,-0.017993241681781957,0.004527155677277683,-0.00901977598115955,-0.008386774983409895,-0.007498276082868571,0.019286902498775405,238.033,-4.20108051790713e-06,-0.02591264762331369,0.009465784922770837,0.0011378559164920699,-0.01350923813218774,-0.01798911617498955,0.0045313757944700495,-0.00901561277595686,-0.008382609118907869,-0.007494106485695373,0.01929118462311319
2015-09-30,0.026515063220099666,0.031939452648657385,0.00893841173353871,0.026455098354188245,0.025312815240313702,0.011055449084565572,0.02284994393744655,0.04748838520394316,0.023454435544555396,0.00917424109402587,237.498,-0.002247587519377592,0.028827442940445813,0.03426405162282564,0.011211197400270434,0.028767342994646228,0.02762248671608858,0.013333003696647472,0.02515406742482984,0.04984801048956289,0.02575992074028899,0.011447558001895786
2015-10-31,-0.05245866460770454,0.005431113121552533,-0.02016608106372586,-0.014315044027433554,-0.010015385036073465,-0.012586215171543125,8.080790717257536e-05,-0.006361849868960601,0.003302934218812892,0.0009658678888919692,237.733,0.0009894820166906904,-0.053395312922482896,0.00443724053514849,-0.02113465072359655,-0.015289397460291232,-0.010993988698655088,-0.013562277558484381,-0.0009077758816080639,-0.007344065065339689,0.0023111653455751835,-2.3590785141025528e-05
2015-11-30,-0.01582448331260422,-0.013764780897359552,0.014851442711669716,-0.01383416126715431,-0.011813743494848206,0.0010536402448815263,-0.006382445532200132,-0.003433532794795746,-0.0010572338530504544,0.002935663436356206,238.017,0.0011946174910508756,-0.01699879374731783,-0.014941548952688177,0.013640530004887852,-0.015010846538374922,-0.012992839512558918,-0.0001408090332353229,-0.007568022131639873,-0.004622628013566943,-0.002249164452905683,0.0017389685430673207
2015-12-31,-0.013352682870165888,-0.005645535869887808,-0.009107481946771911,0.0032205240300640092,-0.015551091175884935,-0.009779781026055367,-0.008249257630563278,-0.009259185690057126,-0.008520355587614215,-0.020805173411365008,237.761,-0.0010755534268560574,-0.012290348369616066,-0.00457490299562624,-0.008040576589620763,0.004300703092869451,-0.014491123726812272,-0.008713599541045891,-0.0071814282134319285,-0.008192443674069017,-0.007452818064767497,-0.01975086309299201
2016-01-31,-0.07508243854497265,0.019641217930953303,0.0137524054090703,0.031549198215854224,0.017439515891784607,0.028651648507503014,0.028459263033439264,0.036670417704748326,0.0533835034820227,0.0611724713135946,237.652,-0.0004584435630738959,-0.07465822156300483,0.020108880280752528,0.014217366832452338,0.03202232220641843,0.017906168422511026,0.029123443525795878,0.02893096981339749,0.03714589056224504,0.05386664186032197,0.06165918213182131
2016-02-29,-0.00325826144670327,0.0032076616233194244,-0.018169542469837485,-0.008843352374044211,-0.0105401439528936,-0.000467848912278801,-0.01694895473702851,0.0038645149194318495,-0.01630594314360767,0.027965191375136422,237.336,-0.0013296753235823022,-0.0019311539308488612,0.004543378164733047,-0.016862288515193002,-0.007523681103567825,-0.009222731868292589,0.0008629738863852321,-0.0156400756360785,0.0052011060253513985,-0.014996207907627457,0.029333871223429675
2016-03-31,-0.0045174848512679056,0.011236257835187224,-0.003759716818253156,-0.001256555096083023,-0.0070801372477306,0.003067045643448063,7.49152433299205e-05,-0.009238854086548454,-0.0010696772022364964,-0.0005537351614801622,238.08,0.0031347962382444194,-0.007628367711107642,0.008076144529452378,-0.006872967703196009,-0.004377628361407648,-0.0101830118188313,-6.753887418764482e-05,-0.0030503188668054015,-0.01233498266752786,-0.004191334460979412,-0.0036770047391004868
2016-04-30,-0.007541804355185366,-0.03761525581108016,-0.0033160216892462735,-0.0048543912669497535,0.003999790616445509,-0.0010954541931453843,0.008739450882894628,-0.008542796883888926,-0.003053545941933411,0.016100178070973747,238.992,0.0038306451612901693,-0.011329051938485324,-0.041287742282176465,-0.007119394974625548,-0.0086518940920004,0.000168499991478388,-0.004907301224744032,0.004890073584888244,-0.012326224652357554,-0.006857920841933929,0.012222712036961347
2016-05-31,0.01387062051668364,0.002973694034847707,0.006393647196421437,0.0036517358430629976,0.0016719328522925014,-0.0003137593571799213,-0.008480532459273715,0.001445539682309871,-0.004373467463900993,-0.012651743490486922,239.557,0.0023640958693178504,0.011479386277684522,0.0006081604160024234,0.004020047549297745,0.0012846030489832572,-0.0006905305366360359,-0.0026715394511166446,-0.010819051054683282,-0.0009163897537763921,-0.0067216726546610595,-0.01498042420083101
2016-06-30,0.02739339693118037,0.0015933566400794241,0.01078886740200824,0.030441812086798414,0.011996697463465988,0.02116836187215121,0.0025123828830131423,0.010767171743556236,0.01624995084457348,0.02069147331893073,240.222,0.002775957287827202,0.02454929185770971,-0.0011793268866819862,0.007990728194015917,0.027589268168931813,0.009195214652510941,0.018341489393173482,-0.00026284475898974424,0.0079690925950624,0.01343669386847779,0.017865920997506723
2016-07-31,0.0005244833818214278,-0.003933727274391674,0.014747319801753145,-0.0035198659872714977,0.033296836427105125,-0.010714254140340107,0.002029121284265578,0.013105982616886447,0.004923854932496363,-0.011563294375046551,240.101,-0.0005037007434789409,0.0010287022834052362,-0.0034317551085123466,0.015258706366973573,-0.003017685254098623,0.03381757110629291,-0.010215699052068872,0.002534098455020395,0.013616542022705902,0.005430290917547875,-0.011065167164495127
2016-08-31,-0.006117481091830301,0.003983994489298315,0.003320190384128896,-0.0041441027302971944,-0.0026139094131583107,0.00053183076695551,0.00014934887634043825,0.003784804156736321,-0.0026491898186339347,-0.015773048500227538,240.545,0.0018492217858316895,-0.007951997869959926,0.0021308323219149106,0.0014682534719896445,-0.005982261986934079,-0.004454893113590819,-0.001314959367366586,-0.00169673526966585,0.0019320096565573763,-0.00449010839819497,-0.01758974295018856
2016-09-30,0.013529570087803533,0.008354438438946454,0.009219927088359947,0.0030471976638941634,0.0017690665960463647,0.014595987525868992,0.005862337829972697,0.004820520913249915,0.0034426806170271274,0.020249317940228773,241.176,0.0026232097944252075,0.010877825475050118,0.00571623376412389,0.006579457995279592,0.0004228785702615756,-0.0008519084637528263,0.011941452795510843,0.0032306533540267246,0.0021915621914190275,0.0008173268029272318,0.017579992138240685
2016-10-31,-0.011705364439384747,0.0017065754172489456,0.016997499822739348,-0.004106773106041572,-0.011786884781820883,0.006209871643485743,-0.012704302037586324,0.01573012127197604,-0.0013656790941115604,0.015094371965014286,241.741,0.0023426874979268764,-0.014015218659776618,-0.0006346253518003664,0.014620560919533565,-0.006434386846346674,-0.0140965484718788,0.003858145715825323,-0.015011821528896352,0.013356144501305511,-0.003699699352618935,0.012721881075342
2016-11-30,-0.026176728137401017,0.0033557020693808504,0.0031385310152380885,-0.009339792383174506,-0.01717686193971002,0.03560802629229087,-0.0016971350633384619,0.010479701095892802,0.005293794634705362,0.0041365130613177925,242.026,0.0011789477167711837,-0.02732346291994847,0.002174191094982403,0.0019572757726635803,-0.01050635365828867,-0.018334194599619158,0.034388536289178484,-0.0028726960216939323,0.009289801189220404,0.004110001441119282,0.002954082635568289
2016-12-31,-0.017465167720537078,-0.008176519705902274,0.008238508058547422,-0.003468710285288612,-0.012990608552879368,0.005331940369474708,-0.007550056451195553,-0.0018350268327261832,-0.0012930403164438387,-0.005529885648817956,242.637,0.002524522158776188,-0.019939352541989308,-0.010674094875640083,0.0056995971404940615,-0.005978140495914608,-0.01547606105259769,0.002800348668432706,-0.010049209158772276,-0.004348570927836026,-0.003807949223026963,-0.008034125479793985
2017-01-31,-0.004890194638129786,-0.0008084564036969777,0.0026400958255059503,-0.008678007516116026,-0.004418398487159969,-0.019580921953163855,-0.006427202510446928,-0.007925473703793484,-0.006632477851570839,0.019962393952740243,243.618,0.004043076694815628,-0.008897298871232362,-0.004831996964197227,-0.001397331351487563,-0.012669858999285077,-0.008427402547139473,-0.023528869623549165,-0.010428117526321112,-0.011920355487145096,-0.010632566265512344,0.015855213414078806
2017-02-28,-0.005747363742023226,-0.010268516181768272,-0.016097880743830895,-0.004342423120910821,-0.0055787514140631655,-0.0024931236918057653,-0.0026841239111977666,-0.014132992663955402,-0.0031229195666646614,-0.0020183441274533864,244.006,0.0015926573570097524,-0.00732834954920869,-0.011842312792185505,-0.01766240793689744,-0.005925642959066835,-0.007160005335898445,-0.0040792841469076135,-0.004269980652107597,-0.015700644274351805,-0.004708078567706164,-0.00360525954133073
2017-03-31,-0.008198752432977185,-0.003425045515977221,-0.018960540553856986,-0.002343726562157422,-0.001977720203564348,-0.00648749563838491,-0.0008161897719104472,-0.005274604250415815,-0.004306084950214117,-0.0020366823287052416,243.892,-0.00046720162618951733,-0.0077351646883089265,-0.0029592264451951955,-0.018501983084252216,-0.0018774020612639664,-0.0015112246239766813,-0.006023108018056167,-0.0003491512697619825,-0.004809649700387775,-0.003840677694889272,-0.001570214309194462
2017-04-30,0.006154466000696024,0.0,-0.007468320950957064,-0.003094700123072114,0.03710866737020657,-0.00890133995739828,-0.00012836541133931512,-0.021082375672600406,0.009700988800775967,-0.016361944829841768,244.193,0.001234152821740775,0.0049142482456161485,-0.0012326315660153853,-0.008691746828823232,-0.004323517064028448,0.03583029448941777,-0.010122999450802417,-0.0013608387500967378,-0.022289020436875195,0.008456399489743083,-0.0175744081461785
2017-05-31,0.004253549353241182,0.0036104105416232546,-0.003086211625833113,0.0007308883007546285,-0.009114871376569078,-0.03278097825716031,-0.002404633165738357,0.014189692815551158,0.00045134063254459456,0.004268713712074712,244.004,-0.0007739779600562935,0.0050314215226636705,0.004387784550214935,-0.002314024669870296,0.0015060318963058261,-0.008347354084599079,-0.03203179219828656,-0.0016319182744590766,0.014975261297798026,0.001226267696771366,0.0050465976274678415
2017-06-30,-0.008998971483369922,0.0017904096756300447,-0.008308181390544012,-0.00036985647001219757,-0.008679684792242237,-0.011184973480777072,0.0081493178827452,-0.006425776788620108,0.007330452028520229,-0.011727070328169775,244.163,0.0006516286618252209,-0.00964431563270518,0.0011380394346909295,-0.008953975385370794,-0.0010208199363083148,-0.00932523686244957,-0.011828894096171494,0.007492806693321086,-0.007072796613452725,0.006674474088076643,-0.012370637927756167
2017-07-31,-0.012769519472169977,0.004476232579148753,0.015467756503161123,0.0031336803568389193,-0.013387796336938762,0.007692106891756145,0.010264446666904847,0.0011208971710314763,-0.004898021738954816,-0.0011109791800615332,244.243,0.0003276499715354486,-0.013092879562089599,0.004147223769863206,0.015135147500977775,0.002805111290668849,-0.01371095391481425,0.007362044746469065,0.009933541970625459,0.0007929873772045681,-0.005223960080118717,-0.0014381579391891108
2017-08-31,-0.0038532896863643362,0.008226474475986567,0.003330646282494909,0.01112037887553119,0.012303555928496301,0.005934554762732969,-0.0008664692396150864,0.00015534044532761193,0.0016658614467532917,0.008486844389846926,245.183,0.0038486261632881824,-0.007672387697624572,0.004361064206891863,-0.000515994012735721,0.007243873750204521,0.008422514654946367,0.0020779314182231,-0.004697018335248826,-0.0036791261368522843,-0.0021743962781295423,0.004620435896083297
2017-09-30,0.01243444277227046,0.0008360090035637313,0.0015538193030226743,-0.0024754171891842036,0.00923495277605313,0.0073044418732763905,0.007391038592360566,0.0012977753666556513,0.008251438406885026,-0.004878675242231845,246.435,0.005106389920997767,0.007290823065853491,-0.004248685472758473,-0.0035345219706088837,-0.007543288139654436,0.004107587909554455,0.0021868848654433837,0.0022730416344705073,-0.0037892650892822344,0.003129070233186315,-0.009934336567111512
2017-10-31,0.017179765333897867,0.014049679225035971,0.0015948621145540631,-0.012248690005944751,-8.708522419442755e-05,0.006600640447588013,0.002843350670828526,-0.0050931716057140974,-0.0033188248929880704,0.035326103393995334,246.626,0.0007750522450138408,0.01639200842595323,0.013264346418551787,0.0008191749661436987,-0.013013655987669459,-0.0008614697851172526,0.00582107656411468,0.002066696627953446,-0.0058636791930053445,-0.004090706626647234,0.03452429301817017
2017-11-30,0.008152313724828275,-0.0031845491907412926,-0.010385364554868937,-0.010281572457907173,-0.001166442304470161,0.02601923806817341,0.014499274771039516,0.013061606430631478,0.017749955803725292,-0.0229299463091992,247.284,0.002668007428251684,0.005469713061498016,-0.005836983503646698,-0.01301863815980453,-0.012915122244074873,-0.0038242466143473264,0.023289095161034723,0.011799785427615284,0.01036594259054735,0.015041816696792276,-0.025529839934862575
2017-12-31,-0.0023738939298333372,-0.007154087710268042,-0.008377792738450185,0.005184272080634544,-0.0024149858486499642,-0.006783823309364112,-0.0013173458154238649,-0.007333605319615688,-0.00499523790182832,-0.02357854990401098,247.805,0.0021068892447551058,-0.004471362509008814,-0.009241506125162724,-0.01046263836296657,0.003070912762807909,-0.004512368033726455,-0.00887202019020128,-0.003417035744320285,-0.009420646305990044,-0.0070871952112174785,-0.025631436550769604
2018-01-31,0.06958728431034045,-0.008137081185470296,0.015781848841206703,0.013793050408798857,0.004119265479275436,-0.0039042191787220792,-0.004509273980906725,-0.008795388428556872,0.0044034435564697105,0.00426742661935231,248.859,0.004253344363511546,0.06505722914792678,-0.012337948007367427,0.011479677456291526,0.009499302241640528,-0.00013351101590908243,-0.008123013568258397,-0.008725505763659602,-0.01299346710200766,0.00014946347333633092,1.40226128395593e-05
2018-02-28,-0.016693258793435528,0.0,-0.027837225030428514,-0.026896387801015664,-0.012161002063719617,-0.015907036104883643,-0.014650125617887255,0.011898751804431118,-0.018256789684963803,-0.01903411489363227,249.529,0.0026922876006090224,-0.01933349506500459,-0.002685058650497396,-0.030447539099052068,-0.02950922807278078,-0.014813407710427051,-0.018549383430483846,-0.01729584782186344,0.009181744307471096,-0.02089282778438728,-0.021668065829279937
2018-03-31,0.016005978944116928,0.020257579347294774,0.006177573809633685,-0.01461983922635679,0.03179530064583469,0.009985112236186255,0.019913035489778963,0.00574632691151189,0.008725398354920033,0.03534605761374543,249.577,0.000192362410782021,0.01581057517297868,0.020061357885346354,0.005984060290587845,-0.014809352874317838,0.031596860186853926,0.009790866430734013,0.019716880292370842,0.005552896332204682,0.008531394824462302,0.03514693425395876
2018-04-30,0.00434167697439336,-0.02175789131030892,-0.007518543319535054,-0.02155761782696286,-0.012477553876820036,-0.006130286507678551,-0.008903128615145417,-0.016589473979734648,-0.015313296854127745,-0.016641309618916855,250.227,0.002604406656061986,0.0017327575131307338,-0.024299013453995544,-0.010096654182240816,-0.02409926020932951,-0.015042783008688443,-0.008712003563671633,-0.011477642821846268,-0.019144021817950163,-0.017871159742804066,-0.019195722806733095
2018-05-31,-0.003501600877896971,0.0,-0.007705509579870595,-0.006351112056198427,0.020910123614186205,-0.01431303431607811,-0.002886588244198074,-0.012480221958849125,-0.01681704770598047,-0.08866275954694736,250.792,0.002257949781598212,-0.005746575181319602,-0.002252862930236965,-0.009941013053216485,-0.008589666801518181,0.018610153041592303,-0.016533651941885164,-0.005132948086784772,-0.014704968659673856,-0.01903202413284455,-0.09071587743290843
2018-06-30,0.0027730248916968403,-0.01861695826424914,-0.007194574760271744,-0.01590701488307733,0.002138820703436517,-0.01275628535129425,-0.0005632497919410007,0.01162958552840676,0.006427509031510681,0.00855889102124352,251.018,0.0009011451720948305,0.0018701944029448914,-0.019500530627315826,-0.008088431081747394,-0.01679302709987629,0.0012365612101772339,-0.01364513427651326,-0.0014630765196936846,0.010718781178402192,0.005521388287017759,0.007650851321417962
2018-07-31,0.020125139848151896,-0.0029791354676267368,-0.005540357175423116,0.03571440227371947,-0.0022926210954506976,-0.006361109989837299,0.0012168131367606971,0.0178571482648735,0.017397629272842385,0.0013422235701672225,251.214,0.0007808204989283585,0.019329226692793355,-0.003757022406445265,-0.006316245820138788,0.03490632619975198,-0.0030710436605357883,-0.00713635827393766,0.0004356524714521637,0.017063004622162925,0.016603844152039082,0.0005609650582221182
2018-08-31,-0.02182154649964929,-0.022680406467022074,-0.006457403700136699,0.013312414234887271,-0.018047883979833257,-0.006641699945662549,0.007578079850804054,0.0005156382503626045,-0.002445940555544035,0.007316999956253678,251.663,0.0017873207703393845,-0.02356674593548891,-0.024424073583349637,-0.008230014794094354,0.011504531177022104,-0.01979981612755899,-0.008413982230799588,0.005780427602149807,-0.0012694136705572179,-0.004225708629081226,0.005519813508582105
2018-09-30,0.009297890655618035,0.002166910397138899,0.010721269484106788,-0.020815253511098475,-0.0002319261540022488,-0.015368317545886412,0.0014985475886892807,-0.01535808079365375,0.006289319200094123,0.02345662571578977,252.182,0.002062281702117419,0.007220717799306886,0.00010441336524880107,0.008641167260862392,-0.022830452389002942,-0.0022894862904356827,-0.01739472642199047,-0.0005625739275113562,-0.017384510737377235,0.004218338096506846,0.021350313652492403
2018-10-31,-0.040598946771935096,0.00951398492597244,-0.007253985420573317,-0.007858674065145954,0.0391325981563424,0.027772514728233277,-0.002042641027160119,0.03595353705119275,0.013010561076347349,-0.008834204275651958,252.772,0.002339580144498754,-0.04283830327267313,0.007157658864912264,-0.009571173038671277,-0.010174450267816937,0.036707138718935495,0.025373571080639312,-0.004371992544709324,0.033535497921620694,0.01064607358946179,-0.011147703474445159
2018-11-30,-0.02685517235519086,0.004269037538518372,0.006628950394153232,-0.05541549747421459,0.013767764092474266,-0.021349797435538442,0.026528586571716195,-0.01203244557362948,0.0069302680942882056,0.01804822238247694,252.594,-0.0007041919199911595,-0.02616940872137219,0.004976734034404462,0.007338309892677142,-0.05474985996323023,0.014482154228457222,-0.020660154229221295,0.027251969108157192,-0.01133623653981275,0.007639839927826575,0.018765628906717735
2018-12-31,-0.004918055388687836,-0.02048667928728698,0.021715561406139283,0.007989437497341267,-0.001643367580887456,0.024658003651646165,0.009399451607766451,0.011980423068819412,0.010400746368133484,-0.0014628203477770052,252.767,0.0006848935445813442,-0.005599114136142003,-0.0211570824826538,0.02101627395119765,0.007299544541824909,-0.002326667605845212,0.023956702316298983,0.00870859360364351,0.011287798583855535,0.009709203053058113,-0.0021462439437361924
2019-01-31,0.03373290571080867,0.01033306917968524,0.01662315389703406,0.11648349793469426,0.02540999594618909,-0.022076304579237926,0.007410224869961235,0.0047211741263641915,0.0024426610327599185,-0.0050362042598950385,252.561,-0.0008149798035343991,0.03457606430844007,0.011157141828475048,0.017452357019063003,0.11739415160083633,0.026246366007936173,-0.021278666459113804,0.00823191351675634,0.005540669463609538,0.003260297913247223,-0.0042246674750294755
2019-02-28,-0.021054672403144292,-0.001138902164517952,0.005626995824641101,-0.04503649339883953,0.0032593731526746605,-0.007067466443316794,0.008003283101988501,-0.0028798055970690184,-0.0034279099658452994,-0.01740179193593172,253.319,0.003001255142321968,-0.02398394560538497,-0.004127768819444211,0.0026178837452666137,-0.047894006408142675,0.00025734565039603474,-0.010038593206157076,0.004987060518639952,-0.005863462990937651,-0.006409927280953354,-0.02034199555947569
2019-03-31,-0.005577383347563969,0.0011402007416105864,-0.0178269273386652,0.010111127739529824,0.0039411671493025935,0.0042369726478328484,0.009628527531277964,-0.0012016306833020352,0.0023968958865816514,-0.02125913974197069,254.277,0.0037817929172307974,-0.009323915148525264,-0.002631639858642121,-0.021527308433335723,0.006305488769530632,0.00015877378250572782,0.0004534648205554159,0.005824706779204547,-0.004964648328646959,-0.001379679368983422,-0.02494658982250164
2019-04-30,-0.0008445831757382116,0.01259701564979232,0.018388823790627562,0.045220841826381086,-0.07501920170300591,-0.004832938022549138,0.0076178515413589665,-0.002979913341350171,0.006259376074964074,-0.020694972863903982,255.233,0.0037596794047436433,-0.004587016867635407,0.008804235143505146,0.014574349504215434,0.04130586560941074,-0.0784838071543853,-0.00856043294385811,0.0038437209780166626,-0.006714348946642912,0.0024903338134709685,-0.024363054992555533
2019-05-31,0.010311503215563622,-0.02258699192802227,0.0,-0.003167877275272568,-0.013295729855831051,-0.02604488478526157,-0.006436772867586482,-0.0024538517734655763,-0.00689036569835233,-0.03735813588565862,255.296,0.0002468332856644384,0.010062186247406846,-0.022828190456430586,-0.0002467723740285921,-0.0034138679047052145,-0.013539221211038677,-0.02628523000124039,-0.006681956823893387,-0.0027000186046665098,-0.007135437720479532,-0.03759568930380541
2019-06-30,0.021383545643511193,0.0029413097521433507,0.01422766456989133,0.010587062385046586,0.005730894192316871,0.02648996011643656,0.004588721154748843,0.01253490653247491,0.004314232148575403,0.013778756565112182,255.213,-0.0003251128102280676,0.02171571851201093,0.003267484863557879,0.014557510213174751,0.010915724036991925,0.0060579765283184095,0.02682379368561083,0.004915432034899192,0.012864201659455787,0.00464085375981127,0.014108456215188303
2019-07-31,0.044371755319800865,-0.0020942939561864327,0.029464525181634782,-0.006654008476868256,-0.007980543108170535,-0.005736229451069774,-0.016884528096619333,-0.007809974139163733,-0.008337530582591346,-0.02825980024214081,255.802,0.0023078761661827762,0.04196702445810563,-0.004392033852120836,0.027094119143636686,-0.008941249346787639,-0.01026472954967328,-0.008025583564225003,-0.019148212559411237,-0.01009455332631648,-0.01062089503825181,-0.030497292433982137
2019-08-31,0.006986996998209483,0.005482429962570645,0.014951645716037243,0.01726268258448549,-0.003106573713098082,0.0023104248383924997,0.0025954894467628,-0.0018369952241800158,0.0062348125195617055,-0.0009009131566913853,256.036,0.0009147700174354512,0.006066677366213913,0.004563485405511214,0.01402404692095538,0.016332971654285044,-0.004017668487860893,0.0013943792845945158,0.0016791833627334274,-0.0027492503098616172,0.005315180334519054,-0.0018140237595806186
2019-09-30,0.02247333540289076,0.008810531019800782,-0.010252157784785054,-0.011062315484044905,-0.003923555774963949,-0.008326324810072783,0.009397263817018775,0.018151930408906836,0.006903371321407503,-0.004450591125107484,256.43,0.0015388460997671771,0.0209023238436008,0.007260512109291906,-0.01177288722296621,-0.012581800129754406,-0.005454008994262183,-0.00985001325535928,0.007846343402309497,0.016587558609269193,0.0053562827268569535,-0.005980234564239795
2019-10-31,-0.003308662757011138,0.005854791390787373,-0.016047574325720904,-0.01285862201084742,-0.001507055062081486,-0.011259702750469058,-0.007026753181444856,-0.0036992024952517966,-0.010710323648267628,0.0356102631916253,257.155,0.0028272822992627678,-0.0061186459169774166,0.003018973600900754,-0.018821642528220606,-0.015641680862676477,-0.00432211751499878,-0.014047269453453137,-0.009826253887024738,-0.006508084602116937,-0.013499439221968168,0.03269055546354749
2019-11-30,0.0021826666514801474,-0.004395623653218217,0.0008395944219312668,-0.001771483178921951,-0.006127486165566909,-0.00157859606072841,-0.011165766973379565,-0.01287946212156843,-0.00484905667673341,-0.0168928834436346,257.879,0.00281542260504386,-0.0006309794796732771,-0.007190801114256629,-0.001970281009420427,-0.00457402796224482,-0.008917801390987301,-0.004381682378156726,-0.013941937133459814,-0.015650821051237163,-0.007642961116281044,-0.019652974619677854
2019-12-31,0.005424152750918898,0.005405268749125947,0.01778126904203514,0.007220330822250709,-0.00023879170710350284,0.0005654603462583729,0.004924024003092331,-0.0041302385389675456,0.0032877727217399677,0.011928605456403396,258.63,0.0029122185210892493,0.0025046401703370247,0.002485811003193339,0.01482587433511573,0.0042956025678042575,-0.003141860444016986,-0.0023399437473116125,0.0020059636774290013,-0.007022007439934974,0.00037446368058469126,0.00899020549237095
2020-01-31,-0.03332142055946108,-0.002262677490224352,0.0,-0.021995324483006118,-0.014763668935691698,-0.0261335190305374,-0.020147020396199977,-0.011643831883852429,-0.028708914390001117,-0.01993901312212787,259.127,0.0019216641534238743,-0.03517548923614067,-0.004176316166577543,-0.001917978443002899,-0.023871116367803813,-0.016653330979936376,-0.028001373947399988,-0.022026357288392195,-0.013539477708308212,-0.030571829754082014,-0.021818748967787793
2020-02-29,-0.013334748158035814,-0.0014347846635185402,-0.02260412321264571,0.047160625647335364,0.01847987702597864,-0.01795150275526236,-0.03065903428116734,0.014296241223645145,0.016420994179769943,-0.048443091829741824,259.25,0.0004746707213065804,-0.013802867062477797,-0.0019085494522799173,-0.023067844303657714,0.0466638049840582,0.017996663815277758,-0.018417431261187556,-0.031118933755741818,0.013815012920190828,0.015938757796803316,-0.04889455373795759
2020-03-31,0.025386365347821238,-0.039761525416572074,-0.013655429085372095,0.006337066175048589,0.013643768431070846,-0.03151231583059566,-0.047883831131984356,-0.006406574639489904,0.015483743385243054,-0.01901375915136183,258.076,-0.004528447444551498,0.03005089669873451,-0.03539335491966067,-0.0091685007144513,0.010914941357899721,0.018254882150045226,-0.027106619286884293,-0.04355260939012917,-0.0018866708848858105,0.020103227237806776,-0.014551206078793011
2020-04-30,0.013122961741590666,-0.0323192867443205,-0.02425879693236699,0.03343461687462135,0.0033677382857966176,-0.03478407775547765,-0.008926519728787219,-0.04503032042352928,-0.029146398843130528,-0.03605458351272006,256.032,-0.007920147553434065,0.0212111043714176,-0.02459392671942262,-0.016469086977867975,0.04168491510645089,0.011378001288297135,-0.027078395086640006,-0.0010144064239097084,-0.03740643737354199,-0.021395708457691676,-0.028359043770422088
2020-05-31,0.01260812264611677,-0.023931600850938706,-0.014705809696890282,-0.030973618656783386,0.010773883528420125,-0.017402535849920686,0.013624520607804946,-0.016249239842038188,-0.011588274157051437,0.008462652918895586,255.802,-0.0008983252093487382,0.013518591947406788,-0.023053985618046613,-0.01381989925142979,-0.03010233513394578,0.011682703604930511,-0.016519050119728984,0.014535903785965365,-0.015364717145435747,-0.010699560632748017,0.009369394891872052
2020-06-30,0.010406609117617593,0.011647095829360854,0.017964245751686647,0.0044116777747742475,0.014944505459575375,0.021450166830913497,0.017836972774561533,-0.006358342508013259,0.009424519918104668,-0.016401009370444863,257.042,0.004847499237691677,0.005532292098197278,0.00676679456019702,0.013053469828949948,-0.0004337190103453903,0.010048297109306326,0.016522574426285797,0.012926810831219715,-0.01115178348376844,0.0045549406092817435,-0.021146003372906175
2020-07-31,0.021862845874346393,-0.01928791986450784,-0.02137540206163757,-0.030351506017073482,-0.032775047242795674,-0.007868076792033385,-0.003079464610984184,-0.014315692082188636,0.001408087694594995,0.009204622439826116,258.352,0.005096443382793581,0.016681386748442995,-0.024260719862098434,-0.026337617269181046,-0.035268206979781946,-0.03767945939409301,-0.012898782261325126,-0.008134451223666295,-0.01931370426468526,-0.0036696535068663216,0.004087348118759548
2020-08-31,-0.009938075789220235,-0.017291083046771516,-0.006586082578223018,-0.04084751106429807,-0.006038563859599333,-0.007701238399614008,-0.0043660513194628825,-0.014935396990856109,-0.01680717539759935,-0.021243301276539173,259.316,0.003731343283582156,-0.013618603388516837,-0.020944276046597654,-0.010279071118824534,-0.044413133699746865,-0.009733587785771936,-0.011390081379541117,-0.008067292764372014,-0.01859734718791617,-0.02046216731061945,-0.024881802015288113
2020-09-30,0.00299943222330068,0.009091142806738617,-0.010765599748335908,0.017973914462886542,-0.00028653483696394755,0.021241177328438887,0.020579501299119674,-0.01478052515044237,0.0006077477230921335,-0.010517109431008809,259.997,0.002626139536318739,0.00037231493600842214,0.006448069739543927,-0.013356662824338339,0.015307575098396642,-0.0029050453189158887,0.01856628014977635,0.017906337222669766,-0.01736107208895543,-0.002013105118284675,-0.013108823368006228
2020-10-31,-0.03284917533548615,-0.021519136873406453,0.014652114368589375,0.006784104573582361,0.03804377121466618,-0.0047382896142806885,-0.010829612273380862,0.015027185478222904,0.0021265596183597246,-0.009121884538168312,260.319,0.001238475828567287,-0.034045486651763435,-0.022729462811685197,0.013397046621607123,0.005538769113348163,0.03675976930035674,-0.005969372519271099,-0.012053160553944231,0.013771653789318217,0.000886985279962893,-0.010347545182142537
2020-11-30,0.028831600194565432,-0.0011000951407540427,0.01148230854113197,-0.021153689240537066,-0.01825383113985024,-0.020475747513275966,0.00514498764355098,-0.0074707951069997725,-0.026216613602193295,-0.03444316469947639,260.911,0.002274132890799363,0.026497209128971466,-0.0033665719994402377,0.009187282548910991,-0.023374665036764886,-0.020481386635652243,-0.022698261540941123,0.0028643408609891896,-0.009722817019823138,-0.028426101760023026,-0.0366339870354373
2020-12-31,0.010911702309891913,-0.007900373695058804,0.006679481932973852,0.008403207410977442,0.009440014930865326,0.016419325962180542,0.0013570108030256378,0.009802073291384161,0.0082959380780665,0.0034530082033734644,262.045,0.004346309661148906,0.006536980905478718,-0.01219368582171576,0.0023230754664813613,0.004039341520752249,0.005071662255059062,0.01202077031089499,-0.00297636266432022,0.005432153807660267,0.0039325363959870074,-0.0008894356948220272
2021-01-31,0.001328793860259081,-0.017723697204826694,-0.02334281879994271,-0.03697010774661558,-0.013943584736272219,-0.013998675458409493,-0.026002299007539253,-0.02509645070020039,-0.03682705874948766,0.06971759606475936,262.639,0.00226678623900467,-0.0009358709593334513,-0.01994527177623573,-0.025551684831388255,-0.039148153490006665,-0.01617370863510914,-0.016228674760789152,-0.02820515020020109,-0.0273013506133285,-0.039005428021007815,0.06729825905821252
2021-02-28,-0.009390765699005987,-0.005102170275666507,-0.0542213989211493,-0.017241387725855928,0.0029563942109125385,-0.02526245937027838,0.01210578700824505,0.005691913791008307,-0.0119146872698066,-0.009493812577182958,263.573,0.003556212139095738,-0.01290109879396295,-0.008627700481577127,-0.057572869722056885,-0.0207239012756657,-0.0005976924071893208,-0.02871654936791901,0.008519278507504557,0.0021281335575216165,-0.01541607657026589,-0.013003780514160068
2021-03-31,0.006992633398620329,-0.01685421644202012,-0.003946128790826675,-0.012781932018118503,0.007842671830459835,-0.01509007138334717,0.0014105969878901448,-0.009339754322343685,-0.004676937217575672,0.018844886646445458,264.847,0.004833575517978028,0.002148672111726979,-0.021583466644034432,-0.008737471082491344,-0.017530771229470443,0.0029946215829130818,-0.01982780769547321,-0.0034065128927677213,-0.014105151525231951,-0.009464764083595756,0.013943912175949036
2021-04-30,-0.02911039201531851,0.024866656973967727,-0.02685089325840584,-0.006813174776200914,-0.01640776749360673,-0.01280541307465255,-0.005133133029477155,-0.012961231453534117,-0.00384101811465265,-0.0044774415885776575,266.625,0.006713309948762847,-0.03558481010438275,0.018032290668858586,-0.0333403789097384,-0.013436282794008325,-0.02296689356729209,-0.019388561599934406,-0.011767444476166622,-0.01954334089741827,-0.010483946083868378,-0.011116125541153377
2021-05-31,0.0,-0.023521617895486124,-0.004159774928491622,-0.02020901412586107,-0.002467570280057285,0.005133621030745994,0.0004393122153121265,-0.007919572860070279,-0.0015567792376885992,0.0071050679273323425,268.404,0.006672292545710334,-0.006628068136093401,-0.029993783145497055,-0.010760271792928155,-0.026703135539364986,-0.009079283192203857,-0.0015284730953241121,-0.006191667712077353,-0.014495149527638418,-0.008174528934921765,0.0004299069169049208
2021-06-30,-0.0018737009784018932,-0.009993396725805126,0.0027297675705626467,0.02826562142203559,-0.0014966859365502794,0.01854435532317078,0.0020425819464424677,0.014039500426971996,0.015744467129205075,0.020885378555349998,270.71,0.008591526206762845,-0.010376080814919919,-0.01842661022789327,-0.005811826179271784,0.01950650457005687,-0.010002277315628638,0.009868047527466173,-0.006493158122149234,0.005401566519895873,0.007092009734945837,0.012189129126261244
2021-07-31,0.004045234567172429,-0.030576703200906885,-0.006745417232935758,-0.02558290144075459,-0.007740655665002705,-0.007071878256398656,0.002321052846955496,-0.022676438389824916,0.003907349098122959,0.12380059890900119,271.965,0.004635957297477011,-0.0005879968022383109,-0.03505016940973105,-0.011328854444976555,-0.030079411869272432,-0.0123195002852311,-0.011653808993031034,-0.0023042221749146607,-0.02718636087919224,-0.0007252459899146357,0.1186147487016922
2021-08-31,0.014603270647000288,-0.0015327255694905784,0.010492303206405929,0.0020919015434690547,0.0007399125746585522,0.004640264320941112,-0.002812407280972651,-0.006840586022055173,0.00017260174418609608,0.00477457344915444,272.752,0.0028937547110843287,0.01167572923942406,-0.004413708091990376,0.007576623605070276,-0.0007995394964307456,-0.0021476274294341957,0.0017414702221971723,-0.005689697403391314,-0.00970625321716534,-0.0027133013383677795,0.0018753918141727333
2021-09-30,0.03124546502582848,-0.009790159432351064,-0.006944405984278701,-0.03057939173900548,-0.005042750708180388,-0.017823395758226335,-0.02573239094925639,-0.022566159781636452,-0.012283680766069005,-0.0022884605095755406,273.942,0.004362937760309826,0.026765749964316354,-0.01409161634759415,-0.011258224810448914,-0.03479054053630781,-0.0093648302967696,-0.022089956413575806,-0.02996459504636606,-0.02681211794015126,-0.016574305861484784,-0.00662250469408765
2021-10-31,0.00014241684601778992,0.013048736846459574,-0.0173915870191077,-0.003705256536060908,0.01506367970465683,-0.003543781718254091,0.00045733208291842686,-0.014311365103786278,0.000640868406211359,0.03266711141475209,276.528,0.009439954442911347,-0.00921059004646263,0.0035750342431608573,-0.026580621605003518,-0.013022281237348943,0.005571134010491141,-0.012862316479568037,-0.008898619794527773,-0.023529204924135905,-0.008716799843291323,0.023009944147355688
2021-11-30,-0.005284969966316777,-0.0244027004354479,-0.018837108546794434,-0.034654468874943056,-0.02496370108169621,-0.014358214834282679,-0.015264907495782687,-0.02172837118884896,-0.02610040242393874,-0.01630619115908627,278.824,0.00830295666261649,-0.013476035688626764,-0.03243633957626868,-0.02691657802853409,-0.04260368895450273,-0.03299272061486569,-0.022474566148159902,-0.023373792571635854,-0.02978403232185911,-0.03412006169299253,-0.024406501695836136
2021-12-31,-0.01903924757682196,0.014655629118731861,0.0,-0.0024286162905580166,-0.009223624822964016,-0.007704069630675159,0.012367531488996164,0.006517276442070674,0.006759757810212541,-0.011773761444692776,280.806,0.0071084268212204815,-0.02596311747740354,0.007493932228660682,-0.007058253741016873,-0.009469728241556563,-0.01621677587956849,-0.014707946093400204,0.005221984572580052,-0.0005869778897746869,-0.00034620801665663503,-0.018748912989946742
2022-01-31,0.0056097047892855745,0.03889463530121473,-0.0068143234317542545,0.025841637593386313,0.014641711813361047,0.02210319057197596,0.0012003083143123927,0.011995236306585166,0.012327172202186931,0.01056055899242958,282.542,0.006182204083958309,-0.0005689817334763037,0.032511438867116826,-0.012916674000952755,0.019538641639290644,0.008407530659026552,0.015823164456095995,-0.004951285909674308,0.005777315678047623,0.0061072120867244895,0.0043514533358870455
2022-02-28,0.01072142556492639,-0.015142845912741398,-0.0008659288338885851,-0.00892397775199949,0.004443793984357791,-0.025220082401566146,-0.0025894989730436135,-0.012013039097649614,0.006310930912045043,0.04550700608543323,284.525,0.007018425579205845,0.003677191888113329,-0.022006818275644546,-0.007829404321534228,-0.01583129258239313,-0.0025566876726880183,-0.03201382135806441,-0.009540962020355592,-0.018898824682288318,-0.000702563775587195,0.03822033393687896
2022-03-31,-0.009163676923316877,-0.020845405302582387,-0.022789481567781156,-0.0325651040069751,-0.02022715044090817,-0.01635900969186388,-0.029598727021399762,-0.009206477306548777,-0.009972603497054422,-0.02485661142733675,287.467,0.010340040418240992,-0.01930411204279714,-0.030866287065010156,-0.032790467229535714,-0.04246604381575836,-0.030254359558486432,-0.026425806205851776,-0.0395300253794828,-0.019346474397568425,-0.02010475988548055,-0.03483644163108468
2022-04-30,-0.04343233337725039,-0.03146374732096402,-0.0364963658531835,-0.04091076456936504,-0.03723340510214279,-0.04057664231162872,-0.036438353027701154,-0.03678229959577195,0.018902530287042696,-0.02891382190572722,288.582,0.003878706077567129,-0.04712824285283912,-0.03520590006000224,-0.040219073964131824,-0.04461641668039462,-0.04095326549991918,-0.0442835853774558,-0.04016128528395446,-0.04050390293884498,0.014965776361745675,-0.03266582684219277
2022-05-31,0.0008662403791317441,0.0036681928782738016,0.007063604271075441,-0.00596766002704241,0.012869933640906606,0.0008268637280108848,-0.018511545418653963,-0.009771296269235896,-0.013903700905385286,-0.006866386681162129,291.299,0.009415001628653163,-0.008469025361945604,-0.005693207195362815,-0.00232946543669732,-0.015239184706861142,0.0034227072182195784,-0.00850803473971129,-0.027666070944308063,-0.019007343725754744,-0.023101204654591645,-0.016129528770174706
2022-06-30,-0.009606750489946525,-0.033854135711613664,0.00772614636894664,-0.0003141084194481225,-0.02451622066709913,-0.020641019613357514,0.0014607370769503802,-0.014328703840837065,0.0035218887629653306,0.010659032380389233,295.072,0.012952327333770608,-0.022270621444837158,-0.04620796239106861,-0.0051593553060685915,-0.013096801690695381,-0.036989448555285964,-0.03316379857238738,-0.01134465062839396,-0.026932196549086407,-0.009309854290603714,-0.0022639712565917236
2022-07-31,-0.014641636940030844,0.049285750451080856,0.0018869648468380351,0.010527848570702103,0.018385571492439245,0.013004897207532506,0.004371991452586821,0.000546847187186339,0.010606958176051506,0.013255274240729253,294.94,-0.00044734844376970173,-0.014200641130971636,0.04975535687631849,0.002335358009378785,0.010980108949122602,0.01884134858417652,0.013458266185736312,0.0048214967854400825,0.0009946405818723747,0.011059253959869508,0.01370875527483717
2022-08-31,0.00316274098270819,-0.013592076356270799,-0.0091092382476603,-0.022494297960097165,-0.006609144363530994,0.004650788016699936,-0.009546744464658974,0.004178792410240995,-0.0070792336129466005,-0.028889900494821874,295.162,0.0007526954634839989,0.002408232853280623,-0.014333982696005831,-0.0098545162614595,-0.023229508677780397,-0.007356302771291068,0.003895160683439869,-0.010291693417196268,0.0034235200787244846,-0.007826038452790174,-0.02962030089219725
2022-09-30,-0.014982492826970173,-0.023539708538204085,-0.00813935246606401,-0.013071758097456754,-0.01816879514934988,-0.010333903967874036,-0.008586891487436299,-0.010175553492570488,-0.018227953418811893,0.018281366396354137,296.421,0.004265454225137466,-0.019166194526684,-0.027687064855571708,-0.012352119291778929,-0.017263575332252312,-0.022338963548036217,-0.014537349792914989,-0.012797757463926973,-0.014379671885507816,-0.022397870552367638,0.01395638186323045
2022-10-31,-0.01777930577731468,0.008295451567404966,0.005399456946289849,-0.006638676094604223,-0.01848586642250616,0.007869651361928964,-0.008437709095676094,0.004604760091211135,-0.004440541453775704,-0.010764460434533163,297.979,0.0052560378650634565,-0.022914902049531616,0.0030235219564525018,0.00014266920647498793,-0.011832521777167648,-0.02361776840255747,0.002599948071355218,-0.013622148432773429,-0.0006478725312960565,-0.009645880207228119,-0.015936734221085103
2022-11-30,0.025002056328896405,0.010908939125597206,0.009719028543279551,0.003618838417593251,0.060930793091648505,0.012958800858139607,0.03161804062017848,0.027891711795240415,0.013058387419577988,-0.004308226085321998,298.708,0.00244648112786483,0.022500528083707838,0.008441805280428705,0.007254798687339692,0.0011694961394941306,0.058341580388393766,0.010486664303960946,0.029100365996090227,0.025383131315645846,0.010586007823353949,-0.00673822227954457
2022-12-31,-8.184640435993096e-05,0.007798871827632059,-0.00807394801501049,0.00047765185726933446,-0.00248722172632454,-0.0001456362232499231,-0.014200470457216507,0.002538868578752851,-0.002095548776100742,-0.011016985438272564,298.808,0.00033477509808887973,-0.00041648207462141595,0.007461598772082301,-0.008405909024081337,0.00014282894360695408,-0.002821052406317359,-0.0004802505454153394,-0.014530381145532067,0.0022033558519924945,-0.002429510534562085,-0.011347961521430028
2023-01-31,-0.002403362386176222,0.048099420409760674,0.03309196926534974,-0.004329970447730758,0.019599730652496206,0.023359265017846464,0.03160013838207698,0.015183332064956367,0.013120824053236557,0.018276740626223642,300.456,0.005515247249069821,-0.00787517609196886,0.04235059913531325,0.02742546380248867,-0.009791216715744011,0.014007230066335863,0.01774614340020708,0.02594181560585107,0.009615055407997897,0.007563860244759413,0.0126914966352496
2023-02-28,0.000360653357733387,0.000829121250209619,-0.004484233089309231,0.010376772459752548,0.002114102760065739,-0.037972243503128444,0.0017908187752411209,-0.003997450465799801,-0.005040293366002757,0.009932906114052287,301.476,0.0033948398434380245,-0.0030239207590284645,-0.0025570378592227883,-0.007852415240621191,0.006958310267375811,-0.0012764038965679125,-0.041227123863843085,-0.0015985940972620405,-0.007367279574998831,-0.00840659416860956,0.006515945678606805
2023-03-31,0.011335174622217448,0.025223909644717768,0.00780377845946334,0.01648063385570575,0.02814947378167565,0.01858989205589312,0.034202480635200816,0.024807150086049168,0.01057536698974082,0.008755525415143461,301.643,0.0005539412755906081,0.01077526448287447,0.024656310221191857,0.007245823423202902,0.01591787501212627,0.027580254664635095,0.018025965454005144,0.03362991036416507,0.024239781395032578,0.010015877506188264,0.0081970434588432
2023-04-30,0.006086423635154992,0.0232558601196049,0.16322075762807242,0.009280041788754634,-0.0023235193204460547,0.005386297624765168,0.02248847816223698,0.016085555762956893,0.006192812221248678,-0.018730079393051158,302.858,0.004027940313549472,0.00205022513712394,0.01915078160080963,0.1585541705789666,0.005231031193778213,-0.006325978968286461,0.001352907879029308,0.01838647821187367,0.012009242935651754,0.0021561869154986812,-0.02266671951329713
2023-05-31,0.012017675151614338,-0.046862549701342626,-0.02651519112220513,-0.008496025827647302,-0.006468837310094511,-0.013492311821156289,-0.023629937597272388,0.0002939252997131714,-0.015163237037323252,0.021100512391079906,303.316,0.0015122598709624846,0.010489552351566234,-0.04830176475177428,-0.027985130203776798,-0.009993173423457957,-0.007969045912713302,-0.0149819151430578,-0.025104233343558158,-0.0012164949148064652,-0.01665031730159172,0.019558674721207314
2023-06-30,-0.0057492871176438864,0.012040134201117603,0.0035714849920542857,0.01958436236753669,0.005037774144625029,-0.0017023599356783548,0.009161466826689724,0.011325651877691634,0.004988731686652814,0.0027334659961613106,304.099,0.0025814661936727212,-0.008309303126203371,0.009434313645708015,0.0009874696787885995,0.016959116787203188,0.0024499834016260547,-0.004272796050793448,0.006563058319837278,0.008721670985218255,0.0024010672191252524,0.00015160843045070038
2023-07-31,-0.01088153538279002,-0.0037707371198264505,0.015373498012282827,-0.0013113753217156576,0.001055862166151833,0.007473987183518105,0.00745390146649072,0.008561907417402814,-0.005430701962501283,0.002143459252130553,304.615,0.0016968158395787025,-0.012557044230819603,-0.005458291244364699,0.013653514672741451,-0.0030030954613478045,-0.0006398679353788461,0.005767385153458093,0.005747333460460968,0.006853462514074371,-0.0071154442036496235,0.00044588682472501695
2023-08-31,-0.0047283539294054044,0.008312633229771826,0.0276150573338092,0.0013122088528705333,0.0021341467194313513,-0.002647832351010071,-0.0009981411821913255,-0.01176689313294832,-0.0032881560703147406,0.002741024221877719,306.138,0.0049997537875678955,-0.009679711542526004,0.0032963982625056065,0.022502795111153384,-0.003669199838905457,-0.002851351015099146,-0.00760954031058847,-0.005968056158376922,-0.01668323485386669,-0.008246678495838267,-0.0022474926557719543
2023-09-30,0.01023667448652299,-0.01114644031917078,0.005319009551530085,-0.015933805222597797,-0.010959000193061175,-0.0050123132313963925,-0.0043821703929392,-0.02271096652913529,-0.012666322827816545,-0.022750019700841895,307.374,0.004037394900339164,0.0061743512917655785,-0.015122778590350272,0.0012764610737612259,-0.019890892734049315,-0.014936092190957595,-0.009013317808380883,-0.00838570887503054,-0.02664080199137353,-0.01663654940841497,-0.02667969812403248
2023-10-31,0.02044351199815897,0.013513274132585407,-0.009404418622337096,-0.010745861900548825,-0.003053161692987305,0.009241188020155278,0.011404154481582163,0.0016525983880180117,0.019527178976073145,0.010202310200830622,307.653,0.0009076890042749586,0.019518106623118037,0.012594153553611598,-0.010302755928342178,-0.011642982697452342,-0.0039572587370195755,0.00832594165019418,0.010486946591197865,0.0007442338508600876,0.01860260459215901,0.009286192221984235
2023-11-30,0.005097921946399353,-0.031161517035414255,-0.016718897551800782,0.024734931951900352,-0.018223657140173377,0.003761733369992193,0.007941720839208966,0.0051603594127991315,0.0085452339832921,0.002447277111450763,308.087,0.0014106802143973862,0.0036820475403882558,-0.032526313023582,-0.018104038756923124,0.023291395027372097,-0.019606678600998295,0.002347741243474033,0.006521840393606926,0.0037443970515662617,0.007124503372949009,0.00103513665026167
2023-12-31,0.00036573790622740354,-0.012155676743791255,-0.01823421126536573,-0.005377152445140143,-0.0038507497828418336,-0.0016562299240261424,-0.0023319187727561808,0.0019257557305187856,0.0025816680705030848,-0.007330187515440789,308.735,0.002103301989373252,-0.0017339171317931612,-0.014229050742431082,-0.020294827104516022,-0.007464753802989388,-0.00594155488799919,-0.0037516410792539645,-0.004425911733176302,-0.00017717360924962566,0.0004773620445917004,-0.009413689672598369
2024-01-31,0.00021811547117800423,-0.005093362577354599,-0.37668586774268986,-0.011274509592601678,-0.07500331134867444,-0.0073925855676892915,-0.011593376604206007,-0.016582513922317466,-0.017678452932707645,-0.02860055975318654,309.794,0.0034301261599751776,-0.0032010307494845236,-0.008494352038191488,-0.3788166051554882,-0.014654369416682744,-0.07816532059766468,-0.01078571536324291,-0.01497214641309863,-0.01994422886113556,-0.021036421512939052,-0.03192119219675005
2024-02-29,-0.0042832809122590465,0.011382024239117605,0.05506610983033067,0.008225709933513015,0.015251444694339478,-0.010504139160346204,0.007944642435616212,0.0017649662299530355,0.011399964014229269,0.027647904613735008,311.022,0.003963924414288167,-0.00821464310219977,0.007388811135975004,0.0509004199985128,0.004244958823307554,0.011242954059964338,-0.014410939698928926,0.0039650010568361704,-0.0021902760954463085,0.007406680079943495,0.02359046936199838
2024-03-31,0.006066639996543,0.016845294879392236,-0.03592828919704516,-0.025483077295893275,0.00039779928381911134,0.00587589473511918,-0.005934272149222597,-0.004805430532406563,0.0005849786077056773,-0.0032446517657237495,312.107,0.0034884992058441533,0.0025691782145378372,0.013310362484591165,-0.03927976098787733,-0.02887086052771448,-0.0030799554997102963,0.0023790960545779782,-0.00939001429764652,-0.008265096954090168,-0.0028934268807627728,-0.006709744034830933
2024-04-30,-0.00844412459305477,-0.047058932631877215,-0.050179230349244985,-0.016231953168816204,-0.020282822875501094,-0.009516966800662052,-0.007660261722148398,-0.024139409250073296,-0.005367252019758517,-0.03144573529852002,313.016,0.002912462713108077,-0.01132360772089791,-0.04982627816768892,-0.05293751452517392,-0.019088820404259632,-0.023127926365438367,-0.012393334389469768,-0.01054202119161507,-0.02697331319425411,-0.008255670400653004,-0.034258421636003344
2024-05-31,0.012573419641916272,0.030586223934380152,-0.0060423532264218816,0.005724734655948138,0.002265839320182428,0.013970603954811311,0.017285329499337365,0.020709366166847376,0.006371098410149267,0.01299296658125848,313.14,0.0003961458839163434,0.012172451691365271,0.030178123111209043,-0.006435949535420704,0.005326478709415383,0.0018689530582047809,0.013569082734621096,0.01688249568424549,0.02030517647084995,0.005972586510670341,0.012591832494728283
2024-06-30,-0.0013617389826698911,0.02534763050657607,0.05921037675254426,-0.009532802772595383,-0.017582655475984033,0.014261403491781177,0.008052964699238663,0.014553390872869665,-0.003918315389760285,0.029178921992462303,313.131,-2.8741138149102063e-05,-0.0013330361574971361,0.025377101011491154,0.059240820539300465,-0.009504334799845804,-0.01755441887181286,0.014290555356756052,0.00808193812148783,0.014582551130135402,-0.003889686045615126,0.029208502616220322
2024-07-31,0.012204989083034468,-0.0018450127691945761,-0.00754725756625374,0.016240764524588114,0.007340438786096026,0.006644564079515414,0.01229059941633115,-0.018696270789076985,0.010412575527407819,0.006978185380625446,313.566,0.001389194937581939,0.010800789743019568,-0.0032297209947208527,-0.008924055251457674,0.014830966483447838,0.00594298787983738,0.00524807853779663,0.010886281311861756,-0.0200576018077675,0.00901086274491747,0.005581237016834217
2024-08-31,0.010449245468965529,0.0072006679939655704,0.001848538847219583,0.0059914782847931836,0.009889995908755056,0.006211769885707374,0.0039230861488455115,0.009096796241977456,0.0019276193206778647,0.018657017465637304,314.131,0.001801853517281904,0.00863183864286432,0.005389104100505193,4.66013611113425e-05,0.004182089255277077,0.00807359495600446,0.0044019846369243165,0.002117417355653739,0.007281821948206035,0.00012553959942707138,0.016824848036742557
2024-09-30,-0.008364992348081302,-0.020408038826680963,-0.020069876128832154,0.017261831346629508,0.011588912637492399,-0.006820386781628662,0.01419165261676092,-0.01647037424519393,-0.004430976780095297,0.01618298968694809,314.851,0.0022920373984103293,-0.010632659293745794,-0.02264816578211326,-0.02231077639336132,0.01493556108364924,0.009275615182191332,-0.009091585925087853,0.011872403226147243,-0.01871950583614801,-0.006707640016732186,0.01385918651473439
2024-10-31,0.011465785633914871,-0.01719201305460727,-0.026923002792873074,-0.016376537849302597,-0.019202085545398817,-0.012604954537245638,0.0031336368648375856,-0.01493224651962699,0.0072477867021985,-0.08858389833980873,315.564,0.002264563237849071,0.009180432725607757,-0.019412615197729077,-0.029121618284528306,-0.018598982515086626,-0.021418146037109342,-0.014835920894038401,0.0008671100015558153,-0.017157954484513738,0.004971964137144624,-0.09064319433201229
2024-11-30,0.0034947396940496755,0.0027026785531711894,0.0033528823458814916,0.008637884269276253,-0.0016545463555973638,0.005186482583497076,0.004541310494906359,0.012059756786770182,0.014326743140903764,0.00839642231725346,316.449,0.002804502414724075,0.0006883069209038251,-0.00010153909491605884,0.0005468462993902801,0.005817067873653992,-0.00444657833065587,0.0023753185820738487,0.0017319508199256095,0.009229370579968199,0.011490016945909565,0.005576281208415246
2024-12-31,-0.010667039448689186,-0.014955096961487002,0.013289024264411253,-0.011641555187104524,-0.007885396643430465,-0.004564554334139159,-0.008730827276063335,-0.006961692710921619,-0.012679135867582625,-0.013563078839503362,317.603,0.0036467171645351293,-0.014261748051807466,-0.018534225049403164,0.009607272095820019,-0.015232722919506503,-0.011490212253715826,-0.008181436115162533,-0.012332571042096396,-0.010569864568906517,-0.016266533584886278,-0.01714726477924322
